-- phpMyAdmin SQL Dump
-- version 5.2.1
-- https://www.phpmyadmin.net/
--
-- Host: heckbert.iad1-mysql-e2-1b.dreamhost.com
-- Generation Time: Jan 09, 2025 at 02:01 PM
-- Server version: 8.0.28-0ubuntu0.20.04.3
-- PHP Version: 8.1.2-1ubuntu2.20

SET SQL_MODE = "NO_AUTO_VALUE_ON_ZERO";
START TRANSACTION;
SET time_zone = "+00:00";


/*!40101 SET @OLD_CHARACTER_SET_CLIENT=@@CHARACTER_SET_CLIENT */;
/*!40101 SET @OLD_CHARACTER_SET_RESULTS=@@CHARACTER_SET_RESULTS */;
/*!40101 SET @OLD_COLLATION_CONNECTION=@@COLLATION_CONNECTION */;
/*!40101 SET NAMES utf8mb4 */;

--
-- Database: `db_pilot`
--
CREATE DATABASE IF NOT EXISTS `db_pilot` DEFAULT CHARACTER SET utf8mb4 COLLATE utf8mb4_general_ci;
USE `db_pilot`;

-- --------------------------------------------------------

--
-- Table structure for table `actions_geopolitiques`
--

CREATE TABLE `actions_geopolitiques` (
  `Code` varchar(10) COLLATE utf8mb4_general_ci NOT NULL,
  `Nom` varchar(50) COLLATE utf8mb4_general_ci NOT NULL,
  `CodeProfil` varchar(1) COLLATE utf8mb4_general_ci NOT NULL,
  `Niveau` int NOT NULL DEFAULT '0',
  `Type` varchar(10) COLLATE utf8mb4_general_ci NOT NULL DEFAULT '0',
  `Prosperite` int NOT NULL DEFAULT '0',
  `Cout` int NOT NULL DEFAULT '1',
  `FaveurRequise` int NOT NULL DEFAULT '0',
  `ChadsRequis` int NOT NULL DEFAULT '0',
  `AchatsMax` int DEFAULT NULL,
  `Description` longtext COLLATE utf8mb4_general_ci,
  `CodeEtat` varchar(10) COLLATE utf8mb4_general_ci NOT NULL DEFAULT 'ACTIF'
) ENGINE=InnoDB DEFAULT CHARSET=utf8mb4 COLLATE=utf8mb4_general_ci;

--
-- Dumping data for table `actions_geopolitiques`
--

INSERT INTO `actions_geopolitiques` (`Code`, `Nom`, `CodeProfil`, `Niveau`, `Type`, `Prosperite`, `Cout`, `FaveurRequise`, `ChadsRequis`, `AchatsMax`, `Description`, `CodeEtat`) VALUES
('ACHATINF', 'Achat d\'influence', 'G', 0, 'ACQUIS', 0, -1, 0, 1000, 1, 'Donne un point d\'influence au groupe.', 'ACTIF'),
('AGENT', 'Agent secret', 'I', 3, 'INFO', 2, 4, 1, 0, 1, 'Espion permanent sur un groupe : un espionnage par GN.', 'ACTIF'),
('AIDE', 'Aide extérieure', 'G', 0, 'SOUTIEN', 0, 1, 0, 0, 1, 'Donne des ressources de base.', 'ACTIF'),
('ASSAUT', 'Assaut', 'M', 2, 'OPERATION', 2, 2, 0, 500, 1, 'Attaque un convoi de prisonnier, une commande ou un groupe.', 'ACTIF'),
('CAMOUFLAGE', 'Camouflage', 'I', 2, 'OPERATION', 0, 2, 0, 0, 1, 'Permet de camoufler une action d\'influence.', 'ACTIF'),
('CAMPAGNE', 'Campagne militaire', 'M', 3, 'QUETE', 1, 1, 0, 0, 9, 'Organise une campagne militaire de longue durée.', 'ACTIF'),
('CARAVANE', 'Caravane privée', 'C', 2, 'COMMERCE', 2, 1, 0, 0, 1, '1000 chads de commandes à la Caravane.', 'ACTIF'),
('COMMANDE', 'Commande', 'G', 0, 'COMMERCE', 0, 1, 0, 0, 1, '500 chads de commandes à la Caravane.', 'ACTIF'),
('CONTREESP', 'Contre-espionnage', 'I', 1, 'INFO', 2, 2, 0, 0, 1, 'Bloque toute tentative d\'espionnage sur le groupe pour un GN.', 'ACTIF'),
('CONVERSION', 'Conversion assistée', 'G', 0, 'SOUTIEN', 0, 2, 0, 0, 1, 'Réduit de 1 GN le malus associé à un changement de religion.', 'ACTIF'),
('CONVOI', 'Convoi protégé', 'C', 3, 'COMMERCE', 2, 2, 1, 0, 1, '1000 chads de commande protégés contre le vol.', 'ACTIF'),
('DELIVRER', 'Délivrance', 'R', 2, 'SOUTIEN', 2, 3, 0, 0, 1, 'Délivrance des malédictions sur une cible.', 'ACTIF'),
('EDUCATION', 'Éducation', 'A', 3, 'QUETE', 0, 1, 0, 0, 9, 'Projet d\'envergure en éducation.', 'ACTIF'),
('EMPRUNT1', 'Emprunt', 'G', 0, 'COMMERCE', 0, 1, 0, 0, 1, 'Emprunte 500 chads. 50 chads d\'intérêt par GN.', 'ACTIF'),
('EMPRUNT2', 'Emprunt favorable', 'C', 1, 'COMMERCE', 2, 2, 0, 0, 1, 'Emprunte 1000 chads. 50 chads d\'intérêt par GN après le GN suivant.', 'ACTIF'),
('ENCHANTESP', 'Enchantement spécialisé', 'A', 3, 'SOUTIEN', 3, 3, 1, 0, 1, 'Enchante un objet ou une arme pendant un GN entier.', 'ACTIF'),
('ENQUETE', 'Enquête', 'A', 2, 'INFO', 2, 3, 0, 0, 1, 'Révèle certains secrets d\'un groupe : composition, actions, objectifs et espions.', 'ACTIF'),
('ESCORTE', 'Escorte', 'M', 1, 'OPERATION', 2, 1, 0, 0, 1, 'Annule une attaque sur une commande ou une opération.', 'ACTIF'),
('ESPIONNAGE', 'Espionnage', 'G', 0, 'INFO', 0, 1, 0, 0, 1, 'Rapporte une copie des missives et des actions d\'un groupe.', 'ACTIF'),
('ETUDE', 'Étude rapide', 'G', 0, 'INFO', 0, 2, 0, 0, 1, 'Résumé d\'informations que l\'on peut trouver aisément à Bélénos.', 'ACTIF'),
('EXPEDITION', 'Expédition', 'G', 0, 'OPERATION', 0, 3, 0, 500, 1, 'Permet d\'obtenir un objet rare au bout d\'un certain nombre de mois.', 'ACTIF'),
('EXPORT', 'Export', 'C', 1, 'COMMERCE', 2, 1, 0, 0, 1, '1000 chads de produit revendus à la Caravane à 100% du prix', 'ACTIF'),
('FORMULE1', 'Formule simple', 'G', 0, 'ACQUIS', 0, 1, 0, 0, 1, 'Un personnage acquiert un sort ou une recette de niveau 1 ou 2.', 'ACTIF'),
('FORMULE2', 'Formule avancée', 'A', 1, 'ACQUIS', 2, 1, 0, 0, 1, 'Un personnage acquiert un sort ou une recette de niveau 3+.', 'ACTIF'),
('FORTIFIC', 'Fortification', 'M', 3, 'SOUTIEN', 2, 3, 1, 0, 1, 'Immunise un groupe contre Assaut, augmente les PV et renforce les portes.', 'ACTIF'),
('INSTITUT1', 'Institution niveau 1', 'G', 0, 'ACQUIS', 0, 2, 1, 0, 1, 'Augmente le niveau d\'une Institution niveau 0 à 1.', 'ACTIF'),
('INSTITUT2', 'Institution niveau 2', 'G', 0, 'ACQUIS', 0, 4, 1, 0, 1, 'Augmente le niveau d\'une Institution niveau 1 à 2.', 'ACTIF'),
('INSTITUT3', 'Institution niveau 3', 'G', 0, 'ACQUIS', 0, 6, 1, 0, 1, 'Augmente le niveau d\'une Institution niveau 2 à 3.', 'ACTIF'),
('INSTRUCT1', 'Instructeur', 'G', 0, 'SOUTIEN', 0, 2, 0, 500, 1, 'Donne un cours hors-jeu à 2 personnages.', 'ACTIF'),
('INSTRUCT2', 'Spécialiste', 'A', 1, 'SOUTIEN', 2, 2, 0, 500, 1, 'Donne un cours hors-jeu à 4 personnages.', 'ACTIF'),
('LIBERATION', 'Libération d\'un prisonnier', 'G', 0, 'OPERATION', 0, 1, 0, 50, 1, 'Sauve un personnage de la déportation.', 'ACTIF'),
('MDESABLE', 'Marchand de sable', 'I', 2, 'COMMERCE', 0, 1, 0, 0, 1, 'Permet de faire des achats au Marché noir.', 'ACTIF'),
('NEGOCIER', 'Négociations', 'C', 2, 'COMMERCE', 2, 2, 0, 0, 1, '10% de rabais sur la commande.', 'ACTIF'),
('PACTE', 'Pacte d\'assassinat', 'I', 3, 'ACQUIS', 3, 5, 1, 0, 1, 'Octroie un pacte permettant de causer la mort définitive d\'une cible.', 'ACTIF'),
('PILLAGE', 'Pillage', 'G', 0, 'OPERATION', 0, 2, 0, 0, 1, 'Rapporte des ressources au hasard.', 'ACTIF'),
('PREPARER', 'Préparation', 'M', 2, 'SOUTIEN', 2, 2, 0, 0, 1, 'Les PV du groupe entier sont augmentés de 1 pour un GN entier.', 'ACTIF'),
('PROPAGFOI', 'Propagation de foi', 'R', 3, 'QUETE', 0, 1, 0, 0, 9, 'Mission d\'envergure afin d\'implanter une religion particulière.', 'ACTIF'),
('PROTECTION', 'Protection', 'G', 0, 'COMMERCE', 0, 2, 0, 0, NULL, 'Annule une attaque sur une commande ou une opération.', 'ACTIF'),
('PURIFIER', 'Purification', 'R', 2, 'SOUTIEN', 2, 1, 1, 0, 1, 'Transforme jusqu\'à 3 éléments réactifs raffinés en éléments purifiés.', 'ACTIF'),
('QUETE', 'Quête de groupe', 'G', 0, 'QUETE', 0, 1, 0, 0, 1, 'Démarre une quête de groupe.', 'ACTIF'),
('RAVITAIL', 'Ravitaillement', 'M', 1, 'SOUTIEN', 2, 1, 0, 0, 1, 'Échangeable à tout moment contre des ressources utiles après un siège.', 'ACTIF'),
('RECHERCHES', 'Recherches', 'A', 2, 'INFO', 2, 4, 1, 0, 1, 'Permet d\'obtenir un document rare sur un sujet.', 'ACTIF'),
('RELIQUE', 'Relique éphémère', 'R', 3, 'ACQUIS', 2, 3, 1, 0, 1, 'Demande un objet sacré qui agit comme relique mineure aidant à la résolution d\'un problème. L\'objet ne se recharge pas.', 'ACTIF'),
('RESEAU', 'Réseau étendu', 'G', 0, 'ACQUIS', 0, 3, 1, 0, 1, 'Augmente la taille de la banque d\'Influence du groupe de 1.', 'ACTIF'),
('RITES', 'Rites initiatiques', 'R', 1, 'SOUTIEN', 2, 1, 1, 0, 1, 'Annule le coût d\'un changement de religion.', 'ACTIF'),
('ROUTECLAN', 'Route clandestine', 'I', 3, 'QUETE', 0, 1, 0, 0, 9, 'Met en place un réseau de passages clandestinsé', 'ACTIF'),
('ROUTECOM', 'Route commerciale', 'C', 3, 'QUETE', 2, 1, 0, 0, 9, 'Mise en place d\'une nouvelle route de commerce.', 'ACTIF'),
('SAVDIVIN', 'Savoir divin', 'R', 1, 'ACQUIS', 1, 1, 0, 0, 1, 'Permet à une cible d\'acquérir un sort divin de sa religion.', 'ACTIF'),
('SPECGROUPE', 'Spécialisation de groupe', 'G', 0, 'ACQUIS', 0, 3, 1, 0, 1, 'Permet d\'acquérir une spécialisation de groupe.', 'ACTIF'),
('VOLMARCH', 'Vol de marchandise', 'I', 1, 'OPERATION', 2, 1, 0, 0, 1, 'Vol une part d\'une commande.', 'ACTIF');

-- --------------------------------------------------------

--
-- Table structure for table `ajustements_categorie`
--

CREATE TABLE `ajustements_categorie` (
  `CodeClasse` varchar(10) COLLATE utf8mb4_general_ci NOT NULL,
  `Categorie` varchar(50) COLLATE utf8mb4_general_ci NOT NULL,
  `Multiplicateur` decimal(3,2) NOT NULL
) ENGINE=InnoDB DEFAULT CHARSET=utf8mb4 COLLATE=utf8mb4_general_ci;

--
-- Dumping data for table `ajustements_categorie`
--

INSERT INTO `ajustements_categorie` (`CodeClasse`, `Categorie`, `Multiplicateur`) VALUES
('ADEPTE', 'A', 1.00),
('ADEPTE', 'G', 1.00),
('ADEPTE', 'M', 1.00),
('ADEPTE', 'P', 0.75),
('ADEPTE', 'V', 1.25),
('ARTISAN', 'A', 0.75),
('ARTISAN', 'G', 1.00),
('ARTISAN', 'M', 1.00),
('ARTISAN', 'P', 1.25),
('ARTISAN', 'V', 1.00),
('BARDE', 'A', 1.00),
('BARDE', 'G', 1.00),
('BARDE', 'M', 1.00),
('BARDE', 'P', 1.25),
('BARDE', 'V', 0.75),
('CLERC', 'A', 1.00),
('CLERC', 'G', 1.00),
('CLERC', 'M', 1.00),
('CLERC', 'P', 0.75),
('CLERC', 'V', 1.25),
('GUERR', 'A', 1.00),
('GUERR', 'G', 0.75),
('GUERR', 'M', 1.25),
('GUERR', 'P', 1.00),
('GUERR', 'V', 1.00),
('MAGE', 'A', 1.00),
('MAGE', 'G', 1.25),
('MAGE', 'M', 0.75),
('MAGE', 'P', 1.00),
('MAGE', 'V', 1.00),
('PRETRE', 'A', 1.00),
('PRETRE', 'G', 1.00),
('PRETRE', 'M', 1.00),
('PRETRE', 'P', 0.75),
('PRETRE', 'V', 1.25),
('SHAMAN', 'A', 1.00),
('SHAMAN', 'G', 1.00),
('SHAMAN', 'M', 1.00),
('SHAMAN', 'P', 0.75),
('SHAMAN', 'V', 1.25),
('VOLEUR', 'A', 1.00),
('VOLEUR', 'G', 1.00),
('VOLEUR', 'M', 1.00),
('VOLEUR', 'P', 1.25),
('VOLEUR', 'V', 0.75);

-- --------------------------------------------------------

--
-- Table structure for table `archetypes`
--

CREATE TABLE `archetypes` (
  `CodeClasse` varchar(10) COLLATE utf8mb4_general_ci NOT NULL,
  `Code` varchar(10) COLLATE utf8mb4_general_ci NOT NULL,
  `Nom` varchar(100) COLLATE utf8mb4_general_ci NOT NULL
) ENGINE=InnoDB DEFAULT CHARSET=utf8mb4 COLLATE=utf8mb4_general_ci;

--
-- Dumping data for table `archetypes`
--

INSERT INTO `archetypes` (`CodeClasse`, `Code`, `Nom`) VALUES
('ARTISAN', 'ALCHIM', 'Alchimiste'),
('BARDE', 'ARCANIS', 'Arcaniste'),
('BARDE', 'ARTIST', 'Artiste'),
('ARTISAN', 'AUBERG', 'Aubergiste'),
('ADEPTE', 'BALANCE', 'Voie de la Balance'),
('CLERC', 'BASE', 'Base'),
('MAGE', 'BASE', 'Base'),
('GUERR', 'BERSERK', 'Berserker'),
('ADEPTE', 'CHANGE', 'Voie du Changement'),
('SHAMAN', 'COMBAT', 'Combattant'),
('GUERR', 'ECLAIR', 'Éclaireur'),
('GUERR', 'FANTASSIN', 'Fantassin lourd'),
('ARTISAN', 'FORGERON', 'Forgeron'),
('ARTISAN', 'GUERIS', 'Guérisseur'),
('VOLEUR', 'INFILT', 'Infiltrateur'),
('BARDE', 'LOUANGE1', 'Louangeur clérical'),
('BARDE', 'LOUANGE2', 'Louangeur shamanique'),
('BARDE', 'LOUANGE3', 'Louangeur adepte'),
('GUERR', 'MACHINIS', 'Machiniste'),
('PRETRE', 'MALEDICT', 'Malédiction'),
('ARTISAN', 'MARCHAND', 'Marchand'),
('VOLEUR', 'PILLARD', 'Pillard'),
('ADEPTE', 'POTENT', 'Voie du Potentiel'),
('PRETRE', 'RESTO', 'Rétablissement'),
('VOLEUR', 'ROUBLARD', 'Roublard'),
('GUERR', 'SOLDAT', 'Soldat'),
('SHAMAN', 'TELLUR', 'Telluriste');

-- --------------------------------------------------------

--
-- Table structure for table `campements`
--

CREATE TABLE `campements` (
  `Code` varchar(10) COLLATE utf8mb4_general_ci NOT NULL,
  `Numero` int NOT NULL,
  `Nom` varchar(100) COLLATE utf8mb4_general_ci NOT NULL,
  `Type` varchar(10) COLLATE utf8mb4_general_ci NOT NULL,
  `Description` longtext COLLATE utf8mb4_general_ci,
  `Capacite` int DEFAULT NULL,
  `Responsables` varchar(100) COLLATE utf8mb4_general_ci DEFAULT NULL
) ENGINE=InnoDB DEFAULT CHARSET=utf8mb4 COLLATE=utf8mb4_general_ci;

--
-- Dumping data for table `campements`
--

INSERT INTO `campements` (`Code`, `Numero`, `Nom`, `Type`, `Description`, `Capacite`, `Responsables`) VALUES
('ARENE', 13, 'L\'Arène', 'AUBERGE', 'Site contenant une grande auberge, une arêne et des lys. Sans murs.', 43, 'Chuck Marcotte (Peste de Lorcraft), Vanessa Garceau (Meute de Zuscht et François Béland (Ézork)'),
('BRUMES', 11, 'Porte-des-Brumes', 'VILLAGE', 'Village marchant très ouvert, mais peuplé de gens louches. ', 46, 'Dakie et Marc Lavigeur'),
('DANAE', 2, 'Danaé', 'AUBERGE', 'Regroupement de bâtiments utilitaire sans murs situé proche d\'Hyden', 42, 'Charles du Tremblay & Léah Fay Hayes'),
('DOUVES', 10, 'Les Douves', 'FORT', 'Fortin entouré d\'une douve.', 30, 'Alexandre Guay'),
('FORTG', 8, 'Le Fort G', 'FORT', 'Fort central accueillant le Groupe cadre (12-15).', 37, 'Miakim L’Heureux'),
('HACHE', 17, 'La Frontière', 'NOUVO', '\"La fontière\"', NULL, NULL),
('HORSJEU', 0, 'Hors du terrain de jeu', 'TENTES', 'Site de tentes hors-jeu ou ailleurs.', NULL, NULL),
('HYDEN', 1, 'Village d\'Hyden', 'VILLAGE', 'Village principal situé à l\'xtrémité sud du terrain.', 187, 'Multiples'),
('LIBOURG', 5, 'Librebourg', 'FORT', 'Fort routier possédant trois dortoirs distincts, une forge et une auberge.', 47, 'Renaud Hould et Michel Caisse'),
('LUNEB', 18, 'Site de la Lune Bleue (tentes)', 'TENTES', 'Site sans bâtiment possédant un espace pour le feu et où il est possible de monter un campement de tentes.', NULL, NULL),
('LYRE', 3, 'Rose-des-vents', 'FORT', 'Fortin situé à l\'entrée sud. Possède un grand dortoir et une maison.', 12, 'Éric Tremblay'),
('MAILLON', 6, 'Le Maillon', 'FORT', 'Fortin routier dont la cour est en deux partie : une encadrant la route et l\'autre servant d\'enceinte extérieure au donjon.', 20, 'Charles Béliveau'),
('MILUDIN', 7, 'Miludin', 'FORT', 'Fort imposant possédant de grands bâtiments et pouvant accueillir une petite armée.', 40, 'Mathieu Brouillette'),
('ORION', 4, 'Forteresse d\'Orion', 'FORT', 'Bâtiment insonorisé avec une grande enceinte murée.', 36, 'Patrick Laliberté'),
('PHENIX', 15, 'Auberge du Phénix', 'AUBERGE', 'Érablière convertie en petite auberge pendant le jeu. Voisine de Syptosis.', 10, 'Antony Colpron'),
('RAKASHA', 19, 'Site Rakashan (tentes)', 'TENTES', 'Site sans bâtiment possédant un espace pour le feu et où il est possible de monter un campement de tentes.', NULL, NULL),
('REFUGE', 9, 'Le Temple', 'FORT', 'Grand bâtiment en construction (taille \"gymnase\") construit autour d\'un décor d\'animation (\"la Porte\").', 12, 'Gabriel Côté-Carrier'),
('RENOR', 14, 'Renor Mantis', 'FORT', 'Petit fort perdu en forêt du côté nord du terrain.', 8, 'Dany St-Pierre'),
('SOUCHE', 12, 'La Souche', 'FORT', 'Grand fort avec cour labyrinthique et fait pour soutenir de longs sièges.', 26, 'Jessy Beausoleil'),
('SYPTO', 16, 'Forteresse de Syptosis', 'FORT', 'Village fortifié à l\'extrémité nord du terrain. Possède un grand dortoir à deux étages, une tour habitable et une auberge.', 71, 'Martin \"Pc\"');

-- --------------------------------------------------------

--
-- Table structure for table `classes`
--

CREATE TABLE `classes` (
  `Code` varchar(7) COLLATE utf8mb4_general_ci NOT NULL,
  `Nom` varchar(50) COLLATE utf8mb4_general_ci NOT NULL,
  `PVDepart` int NOT NULL,
  `CodeUnivers` varchar(7) COLLATE utf8mb4_general_ci NOT NULL DEFAULT 'BELE'
) ENGINE=InnoDB DEFAULT CHARSET=utf8mb4 COLLATE=utf8mb4_general_ci;

--
-- Dumping data for table `classes`
--

INSERT INTO `classes` (`Code`, `Nom`, `PVDepart`, `CodeUnivers`) VALUES
('ADEPTE', 'Adepte', 6, 'BELE'),
('ADEPTE', 'Adepte', 6, 'BELEJR'),
('ARTISAN', 'Artisan', 6, 'BELE'),
('ARTISAN', 'Artisan', 6, 'BELEJR'),
('BARDE', 'Barde', 6, 'BELE'),
('BARDE', 'Barde', 6, 'BELEJR'),
('CLERC', 'Clerc', 8, 'BELE'),
('CLERC', 'Clerc', 8, 'BELEJR'),
('GUERR', 'Guerrier', 8, 'BELE'),
('GUERR', 'Guerrier', 8, 'BELEJR'),
('MAGE', 'Mage', 4, 'BELE'),
('MAGE', 'Mage', 4, 'BELEJR'),
('PRETRE', 'Prêtre', 4, 'BELE'),
('PRETRE', 'Prêtre', 4, 'BELEJR'),
('SHAMAN', 'Shaman', 6, 'BELE'),
('SHAMAN', 'Shaman', 6, 'BELEJR'),
('VOLEUR', 'Voleur', 6, 'BELE'),
('VOLEUR', 'Voleur', 6, 'BELEJR');

-- --------------------------------------------------------

--
-- Table structure for table `classes_interdites`
--

CREATE TABLE `classes_interdites` (
  `CodeRace` varchar(10) COLLATE utf8mb4_general_ci NOT NULL,
  `CodeClasse` varchar(10) COLLATE utf8mb4_general_ci NOT NULL
) ENGINE=InnoDB DEFAULT CHARSET=utf8mb4 COLLATE=utf8mb4_general_ci;

--
-- Dumping data for table `classes_interdites`
--

INSERT INTO `classes_interdites` (`CodeRace`, `CodeClasse`) VALUES
('AMAI', 'SHAMAN'),
('CHAPPY', 'ADEPTE'),
('CHAPPY', 'MAGE'),
('CHAPPY', 'SHAMAN'),
('GNOLL', 'ADEPTE'),
('GNOLL', 'BARDE'),
('GNOLL', 'MAGE'),
('GNOLL', 'PRETRE'),
('GOBELIN', 'ADEPTE'),
('GOBELIN', 'BARDE'),
('HLEZARD', 'ADEPTE'),
('HLEZARD', 'BARDE'),
('HLEZARD', 'MAGE'),
('HRAT', 'ADEPTE'),
('HRAT', 'BARDE'),
('HRAT', 'MAGE'),
('NAIN', 'BARDE'),
('NAIN', 'MAGE'),
('ORC', 'BARDE'),
('ORC', 'MAGE');

-- --------------------------------------------------------

--
-- Table structure for table `codes_acquisition`
--

CREATE TABLE `codes_acquisition` (
  `Code` varchar(10) COLLATE utf8mb4_general_ci NOT NULL,
  `Libelle` varchar(100) COLLATE utf8mb4_general_ci NOT NULL,
  `Description` varchar(100) COLLATE utf8mb4_general_ci DEFAULT NULL
) ENGINE=InnoDB DEFAULT CHARSET=utf8mb4 COLLATE=utf8mb4_general_ci;

--
-- Dumping data for table `codes_acquisition`
--

INSERT INTO `codes_acquisition` (`Code`, `Libelle`, `Description`) VALUES
('DEPART', 'Départ', 'Vient avec la classe'),
('ENJEU', 'En jeu', 'Acquis par une action en jeu prévue par un pouvoir (ex.: Sacrificateur)'),
('GRATUIT', 'Gratuite', 'Sorts et recettes gratuits avec un niveau de compétence'),
('MIRACLE', 'Miracle', 'Acquis via un Miracle'),
('MYTHIQ', 'Être mythique', 'Pouvoir de l\'être mythique'),
('NORMALE', 'Normale', 'Achat en XP à plein prix'),
('QUETE', 'Quête', 'Octroyé par l\'équipe des Quêtes'),
('RABAIS', 'À rabais', 'Coût réduit par un cours'),
('SENARIO', 'Scénaristique', 'Acquis par le biais d\'un scénario ou d\'une perche');

-- --------------------------------------------------------

--
-- Table structure for table `codes_etat`
--

CREATE TABLE `codes_etat` (
  `Code` varchar(10) COLLATE utf8mb4_general_ci NOT NULL,
  `LibelleM` varchar(100) COLLATE utf8mb4_general_ci NOT NULL,
  `LibelleF` varchar(100) COLLATE utf8mb4_general_ci NOT NULL,
  `Description` varchar(100) COLLATE utf8mb4_general_ci DEFAULT NULL
) ENGINE=InnoDB DEFAULT CHARSET=utf8mb4 COLLATE=utf8mb4_general_ci;

--
-- Dumping data for table `codes_etat`
--

INSERT INTO `codes_etat` (`Code`, `LibelleM`, `LibelleF`, `Description`) VALUES
('ACTIF', 'Actif', 'Active', 'Tout usage'),
('ANNUL', 'Annulé', 'Annulée', 'Pour toutes les demandes'),
('APPRO', 'À approuver', 'À approuver', 'Pour les quêtes'),
('DELIB', 'En délibération', 'En délibération', 'Pour les comptes'),
('DEPOR', 'Déporté', 'Déportée', 'Pour les personnages'),
('DISSO', 'Dissout', 'Dissoute', 'Pour les groupes'),
('ENRED', 'En rédaction', 'En rédaction', 'Pour les quêtes et parties de quête'),
('ERAD', 'Éradiqué', 'Éradiquée', 'Pour les groupes'),
('EXIL', 'Exilé', 'Exilée', 'Pour les personnages'),
('EXPUL', 'Expulsé', 'Expulsée', 'Pour les comptes'),
('INACT', 'Inactif', 'Inactive', 'Tout usage'),
('LEVEL', 'Mis à niveau', 'Mise à niveau', 'Personnage actif et actuel. Compétence nouvelle.'),
('MERC', 'Mercenaire', 'Mercenaire', 'Pour les groupes'),
('MORT', 'Mort', 'Morte', 'Pour les personnages'),
('NOUVO', 'Nouveau', 'Nouvelle', 'Pour les personnages'),
('RECOM', 'Récompensé', 'Récompensée', 'Pour les quêtes'),
('REFUS', 'Refusé', 'Refusée', 'Pour toutes les demandes'),
('REMPL', 'Remplacé', 'Remplacée', 'Pour les compétences'),
('RETIR', 'Retiré', 'Retirée', 'Pour les personnages'),
('SUITE', 'Suivant', 'Suivante', 'Pour les quêtes'),
('TERM', 'Terminé', 'Terminée', 'Pour les quêtes'),
('VEROU', 'Verrouillé', 'Verrouillée', 'Pour les quêtes');

-- --------------------------------------------------------

--
-- Table structure for table `competences_archetype`
--

CREATE TABLE `competences_archetype` (
  `NoSeq` int NOT NULL,
  `CodeArchetype` varchar(10) COLLATE utf8mb4_general_ci NOT NULL,
  `CodeCompReg` varchar(10) COLLATE utf8mb4_general_ci DEFAULT NULL,
  `CodeCompSpec` varchar(10) COLLATE utf8mb4_general_ci DEFAULT NULL,
  `NbrApplications` int NOT NULL DEFAULT '1'
) ENGINE=InnoDB DEFAULT CHARSET=utf8mb4 COLLATE=utf8mb4_general_ci;

--
-- Dumping data for table `competences_archetype`
--

INSERT INTO `competences_archetype` (`NoSeq`, `CodeArchetype`, `CodeCompReg`, `CodeCompSpec`, `NbrApplications`) VALUES
(1, 'ALCHIM', 'ALCHIM1', NULL, 1),
(2, 'ALCHIM', 'RECETA1', NULL, 5),
(3, 'ALCHIM', 'ARME6', NULL, 1),
(4, 'ALCHIM', 'RICHESSE1', NULL, 1),
(5, 'FORGERON', 'FORGE1', NULL, 1),
(6, 'FORGERON', 'INGENI1', NULL, 1),
(7, 'FORGERON', 'RAFIST', NULL, 1),
(8, 'FORGERON', 'RICHESSE1', NULL, 1),
(9, 'GUERIS', 'HERBO1', NULL, 1),
(10, 'GUERIS', 'RECETH1', NULL, 5),
(11, 'GUERIS', 'GUERISON1', NULL, 1),
(12, 'GUERIS', 'GUERISON2', NULL, 1),
(13, 'AUBERG', 'ALCOLB1', NULL, 1),
(14, 'AUBERG', 'ALCOLS1', NULL, 1),
(15, 'AUBERG', 'ALCOLV1', NULL, 1),
(16, 'AUBERG', 'APPRENT1', NULL, 1),
(17, 'AUBERG', 'RICHESSE1', NULL, 1),
(18, 'MARCHAND', 'NOTAIRE', NULL, 1),
(19, 'MARCHAND', 'CONTACT1', NULL, 1),
(20, 'MARCHAND', 'COMMER1', NULL, 1),
(21, 'MARCHAND', 'RICHESSE1', NULL, 1),
(22, 'SOLDAT', 'ARMURF1', NULL, 1),
(23, 'SOLDAT', 'ASSOMER', NULL, 1),
(24, 'BERSERK', 'BRISBOUC1', NULL, 1),
(25, 'BERSERK', 'RAGE1', NULL, 1),
(26, 'ECLAIR', 'AMBIDX1', NULL, 1),
(27, 'ECLAIR', 'HERBO1', NULL, 1),
(28, 'ECLAIR', 'RECETH1', NULL, 1),
(29, 'ECLAIR', 'RESTORT', NULL, 1),
(30, 'MACHINIS', 'ARME6', NULL, 1),
(31, 'MACHINIS', 'FORGE1', NULL, 1),
(32, 'MACHINIS', 'INGENI1', NULL, 1),
(33, 'RESTO', 'RETAB', NULL, 1),
(34, 'MALEDICT', 'MALEDIC', NULL, 1),
(35, 'COMBAT', 'ARME4', NULL, 1),
(36, 'COMBAT', 'ARMURE1', NULL, 1),
(37, 'COMBAT', 'ARMURE2', NULL, 1),
(38, 'COMBAT', 'BOUCLI1', NULL, 1),
(39, 'TELLUR', 'HMAGIC', NULL, 1),
(40, 'TELLUR', 'HERBO1', NULL, 1),
(41, 'TELLUR', 'RECETH1', NULL, 2),
(42, 'TELLUR', 'ETUDEREL1', NULL, 1),
(43, 'POTENT', 'ESTFER1', NULL, 1),
(44, 'CHANGE', 'RESTORT', NULL, 1),
(45, 'BALANCE', 'ENDURA1', NULL, 1),
(46, 'ALCHIM', 'LANGARC', NULL, 1),
(47, 'AUBERG', 'RICHESSE2', NULL, 1),
(48, 'AUBERG', 'RICHESSE3', NULL, 1),
(49, 'FORGERON', 'ARME3', NULL, 1),
(50, 'GUERIS', 'PREMSOIN1', NULL, 1),
(51, 'GUERIS', 'DIAGNOS1', NULL, 1),
(52, 'MARCHAND', 'RICHESSE2', NULL, 1),
(53, 'ARCANIS', 'LANGARC', NULL, 1),
(54, 'ARCANIS', 'MAGIA1', NULL, 1),
(55, 'ARCANIS', 'ETUDEARC1', NULL, 1),
(56, 'ARTIST', 'ARMURE1', NULL, 1),
(57, 'ARTIST', 'METIER2', NULL, 1),
(58, 'ARTIST', 'RICHESSE1', NULL, 1),
(59, 'LOUANGE1', 'ARMURE1', NULL, 1),
(60, 'LOUANGE2', 'ARMURE1', NULL, 1),
(61, 'LOUANGE3', 'ARMURE1', NULL, 1),
(62, 'LOUANGE1', 'ETUDEREL1', NULL, 1),
(63, 'LOUANGE2', 'ETUDEREL1', NULL, 1),
(64, 'LOUANGE3', 'ETUDEREL1', NULL, 1),
(65, 'LOUANGE1', 'MAGIC1', NULL, 1),
(66, 'LOUANGE2', 'MAGIS1', NULL, 1),
(67, 'LOUANGE3', 'MAGIM1', NULL, 1),
(68, 'BERSERK', 'BOUCLI2', NULL, 1),
(69, 'SOLDAT', 'BOUCLI2', NULL, 1),
(70, 'COMBAT', 'BOUCLI2', NULL, 1),
(71, 'COMBAT', 'ENDURA1', NULL, 1),
(72, 'COMBAT', 'ETUDEREL1', NULL, 1),
(73, 'TELLUR', 'ETUDEREL2', NULL, 1),
(74, 'TELLUR', 'ETUDEREL3', NULL, 1),
(75, 'ROUBLARD', 'ARME2', NULL, 1),
(76, 'ROUBLARD', 'ARME5', NULL, 1),
(77, 'ROUBLARD', 'AMBIDX1', NULL, 1),
(78, 'ROUBLARD', 'ATSOURN', NULL, 1),
(79, 'ROUBLARD', 'MAGOU1', NULL, 1),
(80, 'INFILT', 'ATSOURN', NULL, 1),
(81, 'INFILT', 'IDSECRET1', NULL, 1),
(82, 'INFILT', 'TORTURE', NULL, 1),
(83, 'INFILT', 'RESTORT', NULL, 1),
(84, 'PILLARD', 'ARME2', NULL, 1),
(85, 'PILLARD', 'BOUCLI1', NULL, 1),
(86, 'PILLARD', 'AMBIDX1', NULL, 1),
(87, 'PILLARD', 'SABOT1', NULL, 1),
(88, 'ARCANIS', 'ETUDEARC2', NULL, 1),
(89, 'FANTASSIN', 'ARMURE3', NULL, 1),
(90, 'FANTASSIN', 'BOUCLI2', NULL, 1),
(91, 'FANTASSIN', 'BOUCLI3', NULL, 1),
(92, 'FANTASSIN', 'ARMURF1', NULL, 1);

-- --------------------------------------------------------

--
-- Table structure for table `competences_depart`
--

CREATE TABLE `competences_depart` (
  `NoSeq` int NOT NULL,
  `CodeClasse` varchar(10) COLLATE utf8mb4_general_ci NOT NULL,
  `CodeCompReg` varchar(10) COLLATE utf8mb4_general_ci DEFAULT NULL,
  `CodeCompSpec` varchar(10) COLLATE utf8mb4_general_ci DEFAULT NULL,
  `NbrApplications` int NOT NULL DEFAULT '1'
) ENGINE=InnoDB DEFAULT CHARSET=utf8mb4 COLLATE=utf8mb4_general_ci;

--
-- Dumping data for table `competences_depart`
--

INSERT INTO `competences_depart` (`NoSeq`, `CodeClasse`, `CodeCompReg`, `CodeCompSpec`, `NbrApplications`) VALUES
(1, 'ADEPTE', 'ARME1', NULL, 1),
(2, 'ADEPTE', 'ARME2', NULL, 1),
(3, 'ADEPTE', 'ARME4', NULL, 1),
(4, 'ADEPTE', 'ARMURE1', NULL, 1),
(5, 'ADEPTE', 'MAGIM1', NULL, 1),
(6, 'ADEPTE', 'ETUDEREL1', NULL, 1),
(7, 'ADEPTE', 'ETUDEREL2', NULL, 1),
(8, 'ADEPTE', 'HMAGIC', NULL, 1),
(9, 'ARTISAN', 'ARME1', NULL, 1),
(10, 'ARTISAN', 'ARMURE1', NULL, 1),
(11, 'BARDE', 'ARME1', NULL, 1),
(12, 'BARDE', 'ARME5', NULL, 1),
(13, 'BARDE', 'PV1', NULL, 1),
(14, 'BARDE', 'CHANT1', NULL, 1),
(15, 'BARDE', 'METIER1', NULL, 1),
(17, 'BARDE', 'VOL1', NULL, 1),
(18, 'CLERC', 'ARME1', NULL, 1),
(19, 'CLERC', 'ARME2', NULL, 1),
(20, 'CLERC', 'ARME3', NULL, 1),
(21, 'CLERC', 'ARMURE1', NULL, 1),
(22, 'CLERC', 'ARMURE2', NULL, 1),
(23, 'CLERC', 'BOUCLI1', NULL, 1),
(24, 'CLERC', 'BOUCLI2', NULL, 1),
(25, 'CLERC', 'MAGIC1', NULL, 1),
(26, 'CLERC', 'ETUDEREL1', NULL, 1),
(27, 'CLERC', 'ETUDEREL2', NULL, 1),
(28, 'CLERC', NULL, 'POUVDIV', 1),
(29, 'GUERR', 'ARME1', NULL, 1),
(30, 'GUERR', 'ARME2', NULL, 1),
(31, 'GUERR', 'ARME3', NULL, 1),
(32, 'GUERR', 'ARME4', NULL, 1),
(33, 'GUERR', 'ARME5', NULL, 1),
(34, 'GUERR', 'ARMURE1', NULL, 1),
(35, 'GUERR', 'ARMURE2', NULL, 1),
(36, 'GUERR', 'BOUCLI1', NULL, 1),
(37, 'GUERR', 'METIER1', NULL, 1),
(38, 'MAGE', 'ARME1', NULL, 1),
(39, 'MAGE', 'LANGARC', NULL, 1),
(40, 'MAGE', 'MAGIA1', NULL, 1),
(41, 'MAGE', 'HMAGIA', NULL, 1),
(42, 'MAGE', 'PARCH1', NULL, 1),
(43, 'MAGE', 'SORTCOMP1', NULL, 1),
(44, 'PRETRE', 'ARME1', NULL, 1),
(45, 'PRETRE', 'MAGIC1', NULL, 1),
(46, 'PRETRE', 'HMAGIC', NULL, 1),
(47, 'PRETRE', 'LIENCOM1', NULL, 1),
(48, 'PRETRE', 'METIER1', NULL, 1),
(49, 'PRETRE', NULL, 'POUVDIV', 1),
(50, 'SHAMAN', 'ARME1', NULL, 1),
(51, 'SHAMAN', 'MAGIS1', NULL, 1),
(52, 'SHAMAN', 'PARLMOR', NULL, 1),
(53, 'SHAMAN', 'PV1', NULL, 1),
(54, 'SHAMAN', 'METIER1', NULL, 1),
(56, 'VOLEUR', 'ARME1', NULL, 1),
(57, 'VOLEUR', 'PV1', NULL, 1),
(58, 'VOLEUR', 'METIER1', NULL, 1),
(59, 'VOLEUR', 'ARMURE1', NULL, 1),
(63, 'VOLEUR', 'VOL1', NULL, 1),
(64, 'ADEPTE', 'METIER1', NULL, 1),
(65, 'ARTISAN', 'METIER1', NULL, 1),
(67, 'MAGE', 'METIER1', NULL, 1),
(68, 'CLERC', 'METIER1', NULL, 1),
(69, 'PRETRE', 'ETUDEREL1', NULL, 1),
(71, 'GUERR', 'PV1', NULL, 1),
(73, 'ARTISAN', NULL, 'TRANSPO', 1),
(74, 'ADEPTE', 'GRANDM', NULL, 1),
(75, 'ADEPTE', 'PV1', NULL, 1),
(76, 'ARTISAN', 'PV1', NULL, 1),
(77, 'CLERC', 'PV1', NULL, 1),
(78, 'CLERC', 'PV2', NULL, 1),
(79, 'CLERC', 'PV3', NULL, 1),
(80, 'GUERR', 'PV2', NULL, 1),
(81, 'GUERR', 'PV3', NULL, 1),
(82, 'MAGE', 'ETUDEARC1', NULL, 1),
(83, 'MAGE', 'ETUDEARC2', NULL, 1),
(84, 'MAGE', 'ETUDEARC3', NULL, 1),
(85, 'PRETRE', 'ETUDEREL2', NULL, 1),
(86, 'PRETRE', 'ETUDEREL3', NULL, 1);

-- --------------------------------------------------------

--
-- Table structure for table `competences_raciales`
--

CREATE TABLE `competences_raciales` (
  `NoSeq` int NOT NULL,
  `CodeRace` varchar(10) COLLATE utf8mb4_general_ci NOT NULL,
  `CodeCompReg` varchar(10) COLLATE utf8mb4_general_ci DEFAULT NULL,
  `CodeCompSpec` varchar(10) COLLATE utf8mb4_general_ci DEFAULT NULL
) ENGINE=InnoDB DEFAULT CHARSET=utf8mb4 COLLATE=utf8mb4_general_ci;

--
-- Dumping data for table `competences_raciales`
--

INSERT INTO `competences_raciales` (`NoSeq`, `CodeRace`, `CodeCompReg`, `CodeCompSpec`) VALUES
(1, 'DEMI', NULL, 'DEMI1'),
(2, 'DEMI', NULL, 'DEMI2'),
(3, 'DEMI', NULL, 'DEMI3'),
(4, 'DEMI', NULL, 'MALUS1'),
(5, 'NAIN', 'ENDURA1', NULL),
(6, 'NAIN', NULL, 'NAIN1'),
(7, 'NAIN', 'LANGUE3', NULL),
(8, 'NAIN', NULL, 'MALUS2'),
(9, 'ELFE', 'RESCHM1', NULL),
(10, 'ELFE', 'ARME5', NULL),
(11, 'ELFE', 'LANGUE2', NULL),
(12, 'ELFE', NULL, 'PVMALUS'),
(13, 'ELFE', NULL, 'MALUS3'),
(14, 'CHAPPY', 'VOL1', NULL),
(15, 'CHAPPY', NULL, 'CHAPPY1'),
(16, 'CHAPPY', NULL, 'MALUS3'),
(17, 'CHAPPY', 'MAGOU1', NULL),
(18, 'CHAPPY', NULL, 'MALUS5'),
(19, 'HLEZARD', 'ARME4', NULL),
(20, 'HLEZARD', 'SPARM4', NULL),
(21, 'HLEZARD', NULL, 'MALUS12'),
(22, 'HLEZARD', NULL, 'MALUS5'),
(23, 'ORC', NULL, 'PVBONUS'),
(24, 'ORC', 'ARME3', NULL),
(25, 'ORC', 'BRISBOUC1', NULL),
(26, 'ORC', NULL, 'MALUS2'),
(27, 'ORC', NULL, 'MALUS6'),
(28, 'GOBELIN', 'SABOT1', NULL),
(29, 'GOBELIN', 'VOL1', NULL),
(30, 'GOBELIN', NULL, 'MALUS4'),
(31, 'GOBELIN', NULL, 'MALUS7'),
(32, 'AMAI', 'ATSOURN', NULL),
(33, 'AMAI', 'RESCHM1', NULL),
(34, 'AMAI', NULL, 'AMAI1'),
(35, 'AMAI', NULL, 'PVMALUS'),
(36, 'AMAI', NULL, 'MALUS3'),
(37, 'AMAI', 'LANGUE4', NULL),
(38, 'HRAT', 'MAGOU1', NULL),
(39, 'HRAT', 'RESPOI1', NULL),
(40, 'HRAT', 'FUITE1', NULL),
(41, 'HRAT', NULL, 'MALUS11'),
(42, 'HRAT', NULL, 'MALUS8'),
(43, 'GNOLL', 'ENDURA1', NULL),
(44, 'GNOLL', 'GNOLL1', NULL),
(45, 'GNOLL', NULL, 'MALUS9'),
(46, 'DEMI', NULL, 'MALUS10'),
(47, 'HLEZARD', 'ENDURA1', NULL),
(48, 'HRAT', 'LANGUE5', NULL);

-- --------------------------------------------------------

--
-- Table structure for table `competences_regulieres`
--

CREATE TABLE `competences_regulieres` (
  `Code` varchar(10) COLLATE utf8mb4_general_ci NOT NULL,
  `Nom` varchar(100) COLLATE utf8mb4_general_ci NOT NULL,
  `Niveau` int DEFAULT NULL,
  `CodeEtat` varchar(10) COLLATE utf8mb4_general_ci NOT NULL,
  `Categorie` varchar(10) COLLATE utf8mb4_general_ci NOT NULL,
  `CodeCompPrerequise` varchar(100) COLLATE utf8mb4_general_ci DEFAULT NULL,
  `Evolution` varchar(10) COLLATE utf8mb4_general_ci DEFAULT NULL,
  `Usages` int DEFAULT NULL,
  `Achats` int NOT NULL DEFAULT '1',
  `DureeCours` int DEFAULT '30',
  `IndPrecision` int NOT NULL DEFAULT '0',
  `TypePrecision` varchar(10) COLLATE utf8mb4_general_ci DEFAULT NULL,
  `AccesClasseSimplifiee` varchar(10) COLLATE utf8mb4_general_ci DEFAULT NULL
) ENGINE=InnoDB DEFAULT CHARSET=utf8mb4 COLLATE=utf8mb4_general_ci;

--
-- Dumping data for table `competences_regulieres`
--

INSERT INTO `competences_regulieres` (`Code`, `Nom`, `Niveau`, `CodeEtat`, `Categorie`, `CodeCompPrerequise`, `Evolution`, `Usages`, `Achats`, `DureeCours`, `IndPrecision`, `TypePrecision`, `AccesClasseSimplifiee`) VALUES
('ALCHIM1', 'Alchimie I', 1, 'ACTIF', 'A', NULL, NULL, NULL, 1, 30, 0, 'RECETA1', 'A'),
('ALCHIM2', 'Alchimie II', 2, 'ACTIF', 'A', 'ALCHIM1', NULL, NULL, 1, 30, 1, 'RECETA2', 'A'),
('ALCHIM3', 'Alchimie III', 3, 'ACTIF', 'A', 'ALCHIM2', NULL, NULL, 1, 30, 1, 'RECETA3', 'A'),
('ALCHIM4', 'Alchimie IV', 4, 'ACTIF', 'A', 'ALCHIM3', NULL, NULL, 1, 30, 1, 'RECETA4', 'A'),
('ALCOLB1', 'Production de bière I', 1, 'ACTIF', 'A', NULL, NULL, NULL, 1, 30, 0, NULL, NULL),
('ALCOLB2', 'Production de bière II', 2, 'ACTIF', 'A', 'ALCOLB1', NULL, NULL, 1, 30, 0, NULL, NULL),
('ALCOLB3', 'Production de bière III', 3, 'ACTIF', 'A', 'ALCOLB2', NULL, NULL, 1, 30, 0, NULL, 'A'),
('ALCOLS1', 'Production de spiritueux I', 1, 'ACTIF', 'A', NULL, NULL, NULL, 1, 30, 0, NULL, NULL),
('ALCOLS2', 'Production de spiritueux II', 3, 'ACTIF', 'A', 'ALCOLS1', NULL, NULL, 1, 30, 0, NULL, NULL),
('ALCOLS3', 'Production de spiritueux III', 3, 'ACTIF', 'A', 'ALCOLS2', NULL, NULL, 1, 30, 0, NULL, 'A'),
('ALCOLV1', 'Production de vin I', 1, 'ACTIF', 'A', NULL, NULL, NULL, 1, 30, 0, NULL, NULL),
('ALCOLV2', 'Production de vin II', 2, 'ACTIF', 'A', 'ALCOLV1', NULL, NULL, 1, 30, 0, NULL, NULL),
('ALCOLV3', 'Production de vin III', 3, 'ACTIF', 'A', 'ALCOLV2', NULL, NULL, 1, 30, 0, NULL, 'A'),
('AMBIDX1', 'Ambidextrie I', 1, 'ACTIF', 'G', NULL, 'AMBIDX2', NULL, 1, 30, 0, NULL, 'G'),
('AMBIDX2', 'Ambidextrie II', 2, 'ACTIF', 'G', 'AMBIDX1', 'AMBIDX3', NULL, 1, 30, 0, NULL, 'G'),
('AMBIDX3', 'Ambidextrie III', 3, 'ACTIF', 'G', 'AMBIDX2', NULL, NULL, 1, 30, 0, NULL, 'G'),
('APPRENT', 'Apprentis', NULL, 'DESUET', 'A', NULL, NULL, 1, 6, 30, 0, NULL, NULL),
('APPRENT1', 'Apprentis I', 1, 'ACTIF', 'A', NULL, 'APPRENT2', 1, 1, 30, 0, NULL, NULL),
('APPRENT2', 'Apprentis II', 2, 'ACTIF', 'A', 'APPRENT1', 'APPRENT3', 1, 1, 30, 0, NULL, NULL),
('APPRENT3', 'Apprentis III', 3, 'ACTIF', 'A', 'APPRENT2', 'APPRENT4', 0, 1, 30, 0, NULL, NULL),
('APPRENT4', 'Apprentis IV', 4, 'ACTIF', 'A', 'APPRENT3', 'APPRENT5', 1, 1, 30, 0, NULL, NULL),
('APPRENT5', 'Apprentis V', 5, 'ACTIF', 'A', 'APPRENT4', NULL, 0, 1, 30, 0, NULL, NULL),
('ARME1', 'Droit aux armes de base', NULL, 'ACTIF', 'G', NULL, NULL, NULL, 1, NULL, 0, NULL, NULL),
('ARME2', 'Droit aux armes longues', NULL, 'ACTIF', 'G', NULL, NULL, NULL, 1, 30, 0, NULL, NULL),
('ARME3', 'Droit aux armes lourdes', NULL, 'ACTIF', 'G', NULL, NULL, NULL, 1, 30, 0, NULL, NULL),
('ARME4', 'Droit aux lances', NULL, 'ACTIF', 'G', NULL, NULL, NULL, 1, 30, 0, NULL, NULL),
('ARME5', 'Droit aux armes de trait', NULL, 'ACTIF', 'G', NULL, NULL, NULL, 1, 30, 0, NULL, NULL),
('ARME6', 'Droit aux armes à feu', NULL, 'ACTIF', 'G', NULL, NULL, NULL, 1, 30, 0, NULL, NULL),
('ARMURE1', 'Armures I', 1, 'ACTIF', 'G', NULL, 'ARMURE2', NULL, 1, 30, 0, NULL, NULL),
('ARMURE2', 'Armures II', 2, 'ACTIF', 'G', 'ARMURE1', 'ARMURE3', NULL, 1, 30, 0, NULL, 'G'),
('ARMURE3', 'Armures III', 3, 'ACTIF', 'G', 'ARMURE2', NULL, NULL, 1, 30, 0, NULL, 'G'),
('ARMURF1', 'Armure efficace I', 1, 'ACTIF', 'G', NULL, 'ARMURF2', NULL, 1, 30, 0, NULL, 'G'),
('ARMURF2', 'Armure efficace II', 2, 'ACTIF', 'G', 'ARMURF1', 'ARMURF3', NULL, 1, 30, 0, NULL, 'G'),
('ARMURF3', 'Armure efficace III', 3, 'ACTIF', 'G', 'ARMURF2', NULL, NULL, 1, 30, 0, NULL, 'G'),
('ASSOMER', 'Assommer', NULL, 'ACTIF', 'G', NULL, NULL, NULL, 1, 30, 0, NULL, NULL),
('ATSOURN', 'Attaque sournoise', NULL, 'ACTIF', 'V', NULL, NULL, NULL, 1, 30, 0, NULL, 'V'),
('BOUCLI1', 'Boucliers I', 1, 'ACTIF', 'G', NULL, 'BOUCLI2', NULL, 1, 30, 0, NULL, NULL),
('BOUCLI2', 'Boucliers II', 2, 'ACTIF', 'G', 'BOUCLI1', 'BOUCLI3', NULL, 1, 30, 0, NULL, NULL),
('BOUCLI3', 'Boucliers III', 3, 'ACTIF', 'G', 'BOUCLI2', NULL, NULL, 1, 30, 0, NULL, 'G'),
('BRISARM', 'Brise arme', NULL, 'DESUET', 'G', NULL, NULL, 1, 6, 30, 0, NULL, NULL),
('BRISARM1', 'Brise arme I', 1, 'ACTIF', 'G', NULL, 'BRISARM2', 1, 1, 30, 0, NULL, 'G'),
('BRISARM2', 'Brise arme II', 2, 'ACTIF', 'G', 'BRISARM1', 'BRISARM3', 0, 1, 30, 0, NULL, 'G'),
('BRISARM3', 'Brise arme III', 3, 'ACTIF', 'G', 'BRISARM2', 'BRISARM4', 1, 1, 30, 0, NULL, 'G'),
('BRISARM4', 'Brise arme IV', 4, 'ACTIF', 'G', 'BRISARM3', 'BRISARM5', 0, 1, 30, 0, NULL, 'G'),
('BRISARM5', 'Brise arme V', 5, 'ACTIF', 'G', 'BRISARM4', NULL, 1, 1, 30, 0, NULL, 'G'),
('BRISBOU', 'Brise bouclier', NULL, 'DESUET', 'G', NULL, NULL, 1, 6, 30, 0, NULL, 'G'),
('BRISBOUC1', 'Brise bouclier I', 1, 'ACTIF', 'G', NULL, 'BRISBOUC2', 1, 1, 30, 0, NULL, 'G'),
('BRISBOUC2', 'Brise bouclier II', 2, 'ACTIF', 'G', 'BRISBOUC1', 'BRISBOUC3', 1, 1, 30, 0, NULL, 'G'),
('BRISBOUC3', 'Brise bouclier III', 3, 'ACTIF', 'G', 'BRISBOUC2', 'BRISBOUC4', 1, 1, 30, 0, NULL, 'G'),
('BRISBOUC4', 'Brise bouclier IV', 4, 'ACTIF', 'G', 'BRISBOUC3', 'BRISBOUC5', 1, 1, 30, 0, NULL, 'G'),
('BRISBOUC5', 'Brise bouclier V', 5, 'ACTIF', 'G', 'BRISBOUC4', NULL, 1, 1, 30, 0, NULL, 'G'),
('CHANT1', 'Arts bardiques I', 1, 'ACTIF', 'V', NULL, NULL, NULL, 1, 30, 0, NULL, 'V'),
('CHANT2', 'Arts bardiques II', 2, 'ACTIF', 'V', 'CHANT1', NULL, NULL, 1, 30, 0, NULL, 'V'),
('CHANT3', 'Arts bardiques III', 3, 'ACTIF', 'V', 'CHANT2', NULL, NULL, 1, 30, 0, NULL, 'V'),
('CHANT4', 'Arts bardiques IV', 4, 'ACTIF', 'V', 'CHANT3', NULL, NULL, 1, 30, 0, NULL, 'V'),
('COMMER1', 'Commerce I', 1, 'ACTIF', 'A', NULL, NULL, NULL, 1, 30, 0, NULL, 'A'),
('COMMER2', 'Commerce II', 2, 'ACTIF', 'A', 'COMMER1', NULL, NULL, 1, 30, 0, NULL, 'A'),
('COMMER3', 'Commerce III', 3, 'ACTIF', 'A', 'COMMER2', NULL, NULL, 1, 30, 0, NULL, 'A'),
('CONTACT', 'Contact', NULL, 'DESUET', 'A', NULL, NULL, 1, 6, 30, 0, NULL, NULL),
('CONTACT1', 'Contact I', 1, 'ACTIF', 'A', NULL, 'CONTACT2', 1, 1, 30, 0, NULL, NULL),
('CONTACT2', 'Contact II', 2, 'ACTIF', 'A', 'CONTACT1', 'CONTACT3', 0, 1, 30, 0, NULL, NULL),
('CONTACT3', 'Contact III', 3, 'ACTIF', 'A', 'CONTACT2', 'CONTACT4', 1, 1, 30, 0, NULL, NULL),
('CONTACT4', 'Contact IV', 4, 'ACTIF', 'A', 'CONTACT3', 'CONTACT5', 0, 1, 30, 0, NULL, NULL),
('CONTACT5', 'Contact V', 5, 'ACTIF', 'A', 'CONTACT4', NULL, 1, 1, 30, 0, NULL, NULL),
('COUCRIT', 'Coup critique', NULL, 'ACTIF', 'G', 'SPARM1;SPARM2;SPARM3;SPARM4;SPARM6', NULL, NULL, 1, 30, 0, NULL, 'G'),
('CTRLMV', 'Contrôler les morts-vivants', NULL, 'DESUET', 'P', 'MAGIC1;MAGIS1', NULL, NULL, 10, 30, 0, NULL, NULL),
('DEGUISE', 'Identité secrète', NULL, 'DESUET', 'V', NULL, NULL, NULL, 6, 30, 1, 'LIBRE', NULL),
('DIAGNOS', 'Diagnostic', NULL, 'DESUET', 'A', NULL, NULL, NULL, 1, 30, 0, NULL, NULL),
('DIAGNOS1', 'Diagnostic I', 1, 'ACTIF', 'A', NULL, 'DIAGNOS2', NULL, 1, 30, 0, NULL, NULL),
('DIAGNOS2', 'Diagnostic II', 2, 'ACTIF', 'A', 'DIAGNOS1', 'DIAGNOS3', NULL, 1, 30, 0, NULL, NULL),
('DIAGNOS3', 'Diagnostic III', 3, 'ACTIF', 'A', 'DIAGNOS2', NULL, NULL, 1, 30, 0, NULL, NULL),
('EGORGE', 'Égorgement', NULL, 'ACTIF', 'V', 'ATSOURN', NULL, NULL, 1, 30, 0, NULL, 'V'),
('ELMMAGA', 'Éléments magiques arcaniques', NULL, 'DESUET', 'M', 'MAGIA1', NULL, 5, 6, 30, 0, NULL, NULL),
('ELMMAGC', 'Éléments magiques cléricaux', NULL, 'DESUET', 'P', 'MAGIC1;MAGIS1;MAGIM1', NULL, 5, 6, 30, 0, NULL, NULL),
('ENDURA1', 'Endurance I', 1, 'ACTIF', 'G', NULL, 'ENDURA2', NULL, 1, 30, 0, NULL, NULL),
('ENDURA2', 'Endurance II', 2, 'ACTIF', 'G', 'ENDURA1', NULL, NULL, 1, 30, 0, NULL, NULL),
('ENDURA3', 'Endurance III', 3, 'ACTIF', 'G', 'ENDURA2', NULL, NULL, 1, 30, 0, NULL, NULL),
('ENGOURD', 'Engourdissement', NULL, 'DESUET', 'V', NULL, NULL, NULL, 1, 30, 0, NULL, NULL),
('ENGOURD1', 'Engourdissement I', 1, 'ACTIF', 'V', NULL, 'ENGOURD2', 1, 1, 30, 0, NULL, NULL),
('ENGOURD2', 'Engourdissement II', 2, 'ACTIF', 'V', 'ENGOURD1', 'ENGOURD3', 1, 1, 30, 0, NULL, NULL),
('ENGOURD3', 'Engourdissement III', 3, 'ACTIF', 'V', 'ENGOURD2', NULL, 1, 1, 30, 0, NULL, NULL),
('ESTFER1', 'Estomac de fer I', 1, 'ACTIF', 'A', NULL, 'ESTFER2', NULL, 1, 30, 0, NULL, NULL),
('ESTFER2', 'Estomac de fer II', 2, 'ACTIF', 'A', 'ESTFER1', NULL, NULL, 1, 30, 0, NULL, NULL),
('ETUDEARC1', 'Études arcaniques I', 1, 'ACTIF', 'M', 'MAGIA1', 'ETUDEARC2', 10, 1, 30, 0, NULL, NULL),
('ETUDEARC2', 'Études arcaniques II', 2, 'ACTIF', 'M', 'ETUDEARC1', 'ETUDEARC3', 5, 1, 30, 0, NULL, NULL),
('ETUDEARC3', 'Études arcaniques III', 3, 'ACTIF', 'M', 'ETUDEARC2', 'ETUDEARC4', 5, 1, 30, 0, NULL, NULL),
('ETUDEARC4', 'Études arcaniques IV', 4, 'ACTIF', 'M', 'ETUDEARC3', 'ETUDEARC5', 5, 1, 30, 0, NULL, NULL),
('ETUDEARC5', 'Études arcaniques V', 5, 'ACTIF', 'M', 'ETUDEARC4', NULL, 5, 1, 30, 0, NULL, NULL),
('ETUDEREL1', 'Études religieuses I', 1, 'ACTIF', 'P', 'MAGIC1;MAGIS1;MAGIM1', 'ETUDEREL2', 10, 1, 30, 1, 'SORT1', NULL),
('ETUDEREL2', 'Études religieuses II', 2, 'ACTIF', 'P', 'ETUDEREL1', 'ETUDEREL3', 5, 1, 30, 1, 'SORT1', NULL),
('ETUDEREL3', 'Études religieuses III', 3, 'ACTIF', 'P', 'ETUDEREL2', 'ETUDEREL4', 5, 1, 30, 1, 'SORT4', NULL),
('ETUDEREL4', 'Études religieuses IV', 4, 'ACTIF', 'P', 'ETUDEREL3', 'ETUDEREL5', 5, 1, 30, 1, 'SORT4', NULL),
('ETUDEREL5', 'Études religieuses V', 5, 'ACTIF', 'P', 'ETUDEREL4', NULL, 5, 1, 30, 1, 'SORT5', NULL),
('FORGE1', 'Forge I', 1, 'ACTIF', 'A', NULL, 'FORGE2', NULL, 1, 30, 0, NULL, 'A'),
('FORGE2', 'Forge II', 2, 'ACTIF', 'A', 'FORGE1', 'FORGE3', NULL, 1, 30, 0, NULL, 'A'),
('FORGE3', 'Forge III', 3, 'ACTIF', 'A', 'FORGE2', 'FORGE4', NULL, 1, 30, 0, NULL, 'A'),
('FORGE4', 'Forge IV', 4, 'ACTIF', 'A', 'FORGE3', 'FORGE5', NULL, 1, 30, 0, NULL, 'A'),
('FORGE5', 'Forge V', 5, 'ACTIF', 'A', 'FORGE4', NULL, NULL, 1, 30, 0, NULL, 'A'),
('FUITE1', 'Fuite I', 1, 'ACTIF', 'V', NULL, 'FUITE2', 2, 1, 30, 0, NULL, 'V'),
('FUITE2', 'Fuite II', 2, 'ACTIF', 'V', 'FUITE1', 'FUITE3', 1, 1, 30, 0, NULL, 'V'),
('FUITE3', 'Fuite III', 3, 'ACTIF', 'V', 'FUITE2', 'FUITE4', 0, 1, 30, 0, NULL, 'V'),
('FUITE4', 'Fuite IV', 4, 'ACTIF', 'V', 'FUITE3', 'FUITE5', 1, 1, 30, 0, NULL, 'V'),
('FUITE5', 'Fuite V', 5, 'ACTIF', 'V', 'FUITE4', NULL, 0, 1, 30, 0, NULL, 'V'),
('GRANDM', 'Grand maître', NULL, 'ACTIF', 'A', NULL, NULL, NULL, 1, 30, 0, NULL, NULL),
('GUERISO', 'Guérison', NULL, 'DESUET', 'P', NULL, NULL, 2, 6, 30, 0, NULL, NULL),
('GUERISON1', 'Guérison I', 1, 'ACTIF', 'P', NULL, 'GUERISON2', 2, 1, 30, 0, NULL, 'P'),
('GUERISON2', 'Guérison II', 2, 'ACTIF', 'P', 'GUERISON1', 'GUERISON3', NULL, 1, 30, 0, NULL, 'P'),
('GUERISON3', 'Guérison III', 3, 'ACTIF', 'P', 'GUERISON2', 'GUERISON4', 2, 1, 30, 0, NULL, 'P'),
('GUERISON4', 'Guérison IV', 4, 'ACTIF', 'P', 'GUERISON3', 'GUERISON5', NULL, 1, 30, 0, NULL, 'P'),
('GUERISON5', 'Guérison V', 5, 'ACTIF', 'P', 'GUERISON4', NULL, 1, 1, 30, 0, NULL, 'P'),
('HERBO1', 'Herboristerie I', 1, 'ACTIF', 'A', NULL, NULL, NULL, 1, 30, 0, NULL, 'A'),
('HERBO2', 'Herboristerie II', 2, 'ACTIF', 'A', 'HERBO1', NULL, NULL, 1, 30, 1, 'RECETH2', 'A'),
('HERBO3', 'Herboristerie III', 3, 'ACTIF', 'A', 'HERBO2', NULL, NULL, 1, 30, 1, 'RECETH3', 'A'),
('HMAGIA', 'Haute magie arcanique', NULL, 'ACTIF', 'M', 'MAGIA4', NULL, NULL, 1, 30, 0, NULL, NULL),
('HMAGIC', 'Haute magie religieuse', NULL, 'ACTIF', 'P', 'MAGIC4;MAGIS4;MAGIM4', NULL, NULL, 1, 30, 0, NULL, NULL),
('IDSECRET1', 'Identité secrète I', 1, 'ACTIF', 'V', NULL, 'IDSECRET2', 1, 1, 30, 1, 'LIBRE', 'V'),
('IDSECRET2', 'Identité secrète II', 2, 'ACTIF', 'V', 'IDSECRET1', 'IDSECRET3', 1, 1, 30, 1, 'LIBRE', 'V'),
('IDSECRET3', 'Identité secrète III', 3, 'ACTIF', 'V', 'IDSECRET2', 'IDSECRET4', 0, 1, 30, 0, NULL, 'V'),
('IDSECRET4', 'Identité secrète IV', 4, 'ACTIF', 'V', 'IDSECRET3', 'IDSECRET5', 1, 1, 30, 1, 'LIBRE', 'V'),
('IDSECRET5', 'Identité secrète V', 5, 'ACTIF', 'V', 'IDSECRET4', NULL, 0, 1, 30, 0, NULL, 'V'),
('INGENI1', 'Ingénieur I', 1, 'ACTIF', 'A', NULL, 'INGENI2', NULL, 1, 30, 0, NULL, NULL),
('INGENI2', 'Ingénieur II', 2, 'ACTIF', 'A', 'INGENI1', NULL, NULL, 1, 30, 0, NULL, NULL),
('LANGARC', 'Langage arcanique', NULL, 'ACTIF', 'M', NULL, NULL, NULL, 1, 30, 0, NULL, NULL),
('LANGOBS', 'Langages obscurs', NULL, 'DESUET', 'M', NULL, NULL, NULL, 1, 30, 0, NULL, NULL),
('LANGUE1', 'Langue - Ancien illimunois', NULL, 'ACTIF', 'M', NULL, NULL, NULL, 1, 30, 0, NULL, NULL),
('LANGUE2', 'Langue - Elfique', NULL, 'ACTIF', 'M', NULL, NULL, NULL, 1, 30, 0, NULL, NULL),
('LANGUE3', 'Langue - Nain', NULL, 'ACTIF', 'M', NULL, NULL, NULL, 1, 30, 0, NULL, NULL),
('LANGUE4', 'Langue - Amaï', NULL, 'ACTIF', 'M', NULL, NULL, NULL, 1, 30, 0, NULL, NULL),
('LANGUE5', 'Langue - Skroub', NULL, 'ACTIF', 'M', NULL, NULL, NULL, 1, 30, 0, NULL, NULL),
('LIENCOM1', 'Lien communautaire I', 1, 'ACTIF', 'P', 'MAGIC1;MAGIS1;MAGIM1', 'LIENCOM2', 5, 1, 30, 0, NULL, NULL),
('LIENCOM2', 'Lien communautaire II', 2, 'ACTIF', 'P', 'LIENCOM1', 'LIENCOM3', 5, 1, 30, 0, NULL, NULL),
('LIENCOM3', 'Lien communautaire III', 3, 'ACTIF', 'P', 'LIENCOM2', NULL, 5, 1, 30, 0, NULL, NULL),
('MAGDEC', 'Magouille/Découverte', NULL, 'DESUET', 'V', NULL, NULL, 1, 6, 30, 0, NULL, NULL),
('MAGIA1', 'Magie arcanique I', 1, 'ACTIF', 'M', 'LANGARC', NULL, 5, 1, 30, 0, NULL, 'M'),
('MAGIA10', 'Magie arcanique X', 10, 'ACTIF', 'M', 'MAGIA9', NULL, 5, 1, 30, 0, NULL, 'M'),
('MAGIA2', 'Magie arcanique II', 2, 'ACTIF', 'M', 'MAGIA1', NULL, 5, 1, 30, 0, NULL, 'M'),
('MAGIA3', 'Magie arcanique III', 3, 'ACTIF', 'M', 'MAGIA2', NULL, 5, 1, 30, 0, NULL, 'M'),
('MAGIA4', 'Magie arcanique IV', 4, 'ACTIF', 'M', 'MAGIA3', NULL, 5, 1, 30, 0, NULL, 'M'),
('MAGIA5', 'Magie arcanique V', 5, 'ACTIF', 'M', 'HMAGIA', NULL, 5, 1, 30, 0, NULL, 'M'),
('MAGIA6', 'Magie arcanique VI', 6, 'ACTIF', 'M', 'MAGIA5', NULL, 5, 1, 30, 0, NULL, 'M'),
('MAGIA7', 'Magie arcanique VII', 7, 'ACTIF', 'M', 'MAGIA6', NULL, 5, 1, 30, 0, NULL, 'M'),
('MAGIA8', 'Magie arcanique VIII', 8, 'ACTIF', 'M', 'MAGIA7', NULL, 5, 1, 30, 0, NULL, 'M'),
('MAGIA9', 'Magie arcanique IX', 9, 'ACTIF', 'M', 'MAGIA8', NULL, 5, 1, 30, 0, NULL, 'M'),
('MAGIC1', 'Magie cléricale I', 1, 'ACTIF', 'P', NULL, NULL, 5, 1, 30, 0, NULL, 'P'),
('MAGIC10', 'Magie cléricale X', 10, 'ACTIF', 'P', 'MAGIC9', NULL, 5, 1, 30, 1, 'SORT5', 'P'),
('MAGIC2', 'Magie cléricale II', 2, 'ACTIF', 'P', 'MAGIC1', NULL, 5, 1, 30, 1, 'SORT2', 'P'),
('MAGIC3', 'Magie cléricale III', 3, 'ACTIF', 'P', 'MAGIC2', NULL, 5, 1, 30, 1, 'SORT3', 'P'),
('MAGIC4', 'Magie cléricale IV', 4, 'ACTIF', 'P', 'MAGIC3', NULL, 5, 1, 30, 1, 'SORT4', 'P'),
('MAGIC5', 'Magie cléricale V', 5, 'ACTIF', 'P', 'HMAGIC', NULL, 5, 1, 30, 1, 'SORT5', 'P'),
('MAGIC6', 'Magie cléricale VI', 6, 'ACTIF', 'P', 'MAGIC5', NULL, 5, 1, 30, 1, 'SORT5', 'P'),
('MAGIC7', 'Magie cléricale VII', 7, 'ACTIF', 'P', 'MAGIC6', NULL, 5, 1, 30, 1, 'SORT5', 'p'),
('MAGIC8', 'Magie cléricale VIII', 8, 'ACTIF', 'P', 'MAGIC7', NULL, 5, 1, 30, 1, 'SORT5', 'P'),
('MAGIC9', 'Magie cléricale IX', 9, 'ACTIF', 'P', 'MAGIC8', NULL, 5, 1, 30, 1, 'SORT5', 'P'),
('MAGIM1', 'Force intérieure I', 1, 'ACTIF', 'P', NULL, NULL, 5, 1, 30, 0, NULL, 'P'),
('MAGIM10', 'Force intérieure X', 10, 'ACTIF', 'P', 'MAGIM9', NULL, 5, 1, 30, 1, 'SORT5', 'P'),
('MAGIM2', 'Force intérieure II', 2, 'ACTIF', 'P', 'MAGIM1', NULL, 5, 1, 30, 1, 'SORT2', 'P'),
('MAGIM3', 'Force intérieure III', 3, 'ACTIF', 'P', 'MAGIM2', NULL, 5, 1, 30, 1, 'SORT3', 'P'),
('MAGIM4', 'Force intérieure IV', 4, 'ACTIF', 'P', 'MAGIM3', NULL, 5, 1, 30, 1, 'SORT4', 'P'),
('MAGIM5', 'Force intérieure V', 5, 'ACTIF', 'P', 'HMAGIC', NULL, 5, 1, 30, 1, 'SORT5', 'P'),
('MAGIM6', 'Force intérieure VI', 6, 'ACTIF', 'P', 'MAGIM5', NULL, 5, 1, 30, 1, 'SORT5', 'P'),
('MAGIM7', 'Force intérieure VII', 7, 'ACTIF', 'P', 'MAGIM6', NULL, 5, 1, 30, 1, 'SORT5', 'P'),
('MAGIM8', 'Force intérieure VIII', 8, 'ACTIF', 'P', 'MAGIM7', NULL, 5, 1, 30, 1, 'SORT5', 'P'),
('MAGIM9', 'Force intérieure IX', 9, 'ACTIF', 'P', 'MAGIM8', NULL, 5, 1, 30, 1, 'SORT5', 'P'),
('MAGIS1', 'Magie shamanique I', 1, 'ACTIF', 'P', NULL, NULL, 5, 1, 30, 0, NULL, 'P'),
('MAGIS10', 'Magie shamanique X', 10, 'ACTIF', 'P', 'MAGIS9', NULL, 5, 1, 30, 1, 'SORT5', 'P'),
('MAGIS2', 'Magie shamanique II', 2, 'ACTIF', 'P', 'MAGIS1', NULL, 5, 1, 30, 1, 'SORT2', 'P'),
('MAGIS3', 'Magie shamanique III', 3, 'ACTIF', 'P', 'MAGIS2', NULL, 5, 1, 30, 1, 'SORT3', 'P'),
('MAGIS4', 'Magie shamanique IV', 4, 'ACTIF', 'P', 'MAGIS3', NULL, 5, 1, 30, 1, 'SORT4', 'P'),
('MAGIS5', 'Magie shamanique V', 5, 'ACTIF', 'P', 'HMAGIC', NULL, 5, 1, 30, 1, 'SORT5', 'P'),
('MAGIS6', 'Magie shamanique VI', 6, 'ACTIF', 'P', 'MAGIS5', NULL, 5, 1, 30, 1, 'SORT5', 'P'),
('MAGIS7', 'Magie shamanique VII', 7, 'ACTIF', 'P', 'MAGIS6', NULL, 5, 1, 30, 1, 'SORT5', 'P'),
('MAGIS8', 'Magie shamanique VIII', 8, 'ACTIF', 'P', 'MAGIS7', NULL, 5, 1, 30, 1, 'SORT5', 'P'),
('MAGIS9', 'Magie shamanique IX', 9, 'ACTIF', 'P', 'MAGIS8', NULL, 5, 1, 30, 1, 'SORT5', 'P'),
('MAGOU1', 'Magouilles I', 1, 'ACTIF', 'V', NULL, 'MAGOU2', 1, 1, 30, 0, NULL, 'V'),
('MAGOU2', 'Magouilles II', 2, 'ACTIF', 'V', 'MAGOU1', 'MAGOU3', 1, 1, 30, 0, NULL, 'V'),
('MAGOU3', 'Magouilles III', 3, 'ACTIF', 'V', 'MAGOU2', 'MAGOU4', 1, 1, 30, 0, NULL, 'V'),
('MAGOU4', 'Magouilles IV', 4, 'ACTIF', 'V', 'MAGOU3', 'MAGOU5', 1, 1, 30, 0, NULL, 'V'),
('MAGOU5', 'Magouilles V', 5, 'ACTIF', 'V', 'MAGOU4', NULL, 1, 1, 30, 0, NULL, 'V'),
('MALEDIC', 'Malédictions', NULL, 'ACTIF', 'P', 'MAGIC1;MAGIS1', NULL, NULL, 1, 30, 1, 'MALEDIC1', NULL),
('METIER', 'Métier', NULL, 'DESUET', 'A', NULL, NULL, NULL, 10, 30, 1, 'METIER', NULL),
('METIER1', 'Métier I', 1, 'ACTIF', 'A', NULL, 'METIER2', NULL, 1, 30, 1, 'METIER', NULL),
('METIER2', 'Métier II', 2, 'ACTIF', 'A', 'METIER1', 'METIER3', NULL, 1, 30, 1, 'METIER', NULL),
('METIER3', 'Métier III', 3, 'ACTIF', 'A', 'METIER2', 'METIER4', NULL, 1, 30, 1, 'METIER', NULL),
('METIER4', 'Métier IV', 4, 'ACTIF', 'A', 'METIER3', 'METIER5', NULL, 1, 30, 1, 'METIER', NULL),
('METIER5', 'Métier V', 5, 'ACTIF', 'A', 'METIER4', NULL, NULL, 1, 30, 1, 'METIER', NULL),
('NOTAIRE', 'Notaire', NULL, 'ACTIF', 'A', NULL, NULL, NULL, 1, 30, 0, NULL, 'A'),
('PARCH1', 'Parchemins I', 1, 'ACTIF', 'M', 'MAGIA1', 'PARCH2', NULL, 1, 30, 0, NULL, NULL),
('PARCH2', 'Parchemins II', 2, 'ACTIF', 'M', 'PARCH1', NULL, NULL, 1, 30, 0, NULL, NULL),
('PARLMOR', 'Parler aux morts', NULL, 'ACTIF', 'P', 'MAGIS1', NULL, NULL, 1, 30, 0, NULL, NULL),
('PREMSOIN1', 'Premiers soins I', 1, 'ACTIF', 'A', NULL, 'PREMSOIN2', 2, 1, 30, 0, NULL, NULL),
('PREMSOIN2', 'Premiers soins II', 2, 'ACTIF', 'A', 'PREMSOIN1', 'PREMSOIN3', 1, 1, 30, 0, NULL, NULL),
('PREMSOIN3', 'Premiers soins III', 3, 'ACTIF', 'A', 'PREMSOIN2', 'PREMSOIN4', 1, 1, 30, 0, NULL, NULL),
('PREMSOIN4', 'Premiers soins IV', 4, 'ACTIF', 'A', 'PREMSOIN3', 'PREMSOIN5', 1, 1, 30, 0, NULL, NULL),
('PREMSOIN5', 'Premiers soins V', 5, 'ACTIF', 'A', 'PREMSOIN4', NULL, 1, 1, 30, 0, NULL, NULL),
('PRESOIN', 'Premiers soins', NULL, 'DESUET', 'A', NULL, NULL, 2, 6, 30, 0, NULL, NULL),
('PRISSOM', 'Prise du sommeil', NULL, 'ACTIF', 'V', 'ATSOURN', NULL, NULL, 1, 30, 0, NULL, 'V'),
('PV1', 'Points de vie I', 1, 'ACTIF', 'G', NULL, 'PV2', NULL, 1, NULL, 0, NULL, NULL),
('PV2', 'Points de vie II', 2, 'ACTIF', 'G', 'PV1', 'PV3', NULL, 1, NULL, 0, NULL, NULL),
('PV3', 'Points de vie III', 3, 'ACTIF', 'G', 'PV2', 'PV4', NULL, 1, NULL, 0, NULL, NULL),
('PV4', 'Points de vie IV', 4, 'ACTIF', 'G', 'PV3', 'PV5', NULL, 1, NULL, 0, NULL, NULL),
('PV5', 'Points de vie V', 5, 'ACTIF', 'G', 'PV4', NULL, NULL, 1, NULL, 0, NULL, NULL),
('PVSUP', 'Points de vie supplémentaires', NULL, 'DESUET', 'G', NULL, NULL, 1, 6, NULL, 0, NULL, NULL),
('RAFIST', 'Rafistolage', NULL, 'ACTIF', 'G', NULL, NULL, NULL, 1, 30, 0, NULL, NULL),
('RAGE1', 'Rage berserk I', 1, 'ACTIF', 'G', NULL, NULL, NULL, 1, 30, 0, NULL, 'G'),
('RAGE2', 'Rage berserk II', 2, 'ACTIF', 'G', 'RAGE1', NULL, NULL, 1, 30, 0, NULL, 'G'),
('RAGE3', 'Rage berserk III', 3, 'ACTIF', 'G', 'RAGE2', NULL, NULL, 1, 30, 0, NULL, 'G'),
('RECETA1', 'Recette d\'alchimie I', 1, 'ACTIF', 'A', 'ALCHIM1', NULL, NULL, 20, NULL, 1, 'RECETA1', NULL),
('RECETA2', 'Recette d\'alchimie II', 2, 'ACTIF', 'A', 'ALCHIM2', NULL, NULL, 20, NULL, 1, 'RECETA2', NULL),
('RECETA3', 'Recette d\'alchimie III', 3, 'ACTIF', 'A', 'ALCHIM3', NULL, NULL, 20, NULL, 1, 'RECETA3', NULL),
('RECETA4', 'Recette d\'alchimie IV', 4, 'ACTIF', 'A', 'ALCHIM4', NULL, NULL, 20, NULL, 1, 'RECETA4', NULL),
('RECETH1', 'Recette d\'herboristerie I', 1, 'ACTIF', 'A', 'HERBO1', NULL, NULL, 20, NULL, 1, 'RECETH1', NULL),
('RECETH2', 'Recette d\'herboristerie II', 2, 'ACTIF', 'A', 'HERBO2', NULL, NULL, 20, NULL, 1, 'RECETH2', NULL),
('RECETH3', 'Recette d\'herboristerie III', 3, 'ACTIF', 'A', 'HERBO3', NULL, NULL, 20, NULL, 1, 'RECETH3', NULL),
('REGEN1', 'Régénération I', 1, 'ACTIF', 'G', NULL, 'REGEN2', NULL, 1, NULL, 0, NULL, NULL),
('REGEN2', 'Régénération II', 2, 'ACTIF', 'G', 'REGEN1', NULL, NULL, 1, NULL, 0, NULL, NULL),
('RENFORTA1', 'Renfort arcanique I', 1, 'ACTIF', 'M', 'MAGIA4', 'RENFORTA2', 2, 1, 30, 0, NULL, NULL),
('RENFORTA2', 'Renfort arcanique II', 2, 'ACTIF', 'M', 'RENFORTA1', 'RENFORTA3', 1, 1, 30, 0, NULL, NULL),
('RENFORTA3', 'Renfort arcanique III', 3, 'ACTIF', 'M', 'RENFORTA2', 'RENFORTA4', 0, 1, 30, 0, NULL, NULL),
('RENFORTA4', 'Renfort arcanique IV', 4, 'ACTIF', 'M', 'RENFORTA3', 'RENFORTA5', 1, 1, 30, 0, NULL, NULL),
('RENFORTA5', 'Renfort arcanique V', 5, 'ACTIF', 'M', 'RENFORTA4', NULL, 1, 1, 30, 0, NULL, NULL),
('REPMV1', 'Repousser les morts-vivants I', 1, 'ACTIF', 'P', 'MAGIC2;MAGIS2', 'REPMV2', NULL, 1, 30, 0, NULL, NULL),
('REPMV2', 'Repousser les morts-vivants II', 2, 'ACTIF', 'P', 'REPMV1', NULL, NULL, 1, 30, 0, NULL, NULL),
('RESCHM1', 'Résistance aux charmes I', 1, 'ACTIF', 'M', NULL, 'RESCHM2', NULL, 1, 30, 0, NULL, NULL),
('RESCHM2', 'Résistance aux charmes II', 2, 'ACTIF', 'M', 'RESCHM1', NULL, NULL, 1, 30, 0, NULL, NULL),
('RESCHN1', 'Résistance aux arts bardiques I', 1, 'ACTIF', 'V', NULL, 'RESCHN2', NULL, 1, 30, 0, NULL, NULL),
('RESCHN2', 'Résistance aux arts bardiques II', 2, 'ACTIF', 'V', 'RESCHN1', 'RESCHN3', NULL, 1, 30, 0, NULL, NULL),
('RESCHN3', 'Résistance aux arts bardiques III', 3, 'ACTIF', 'V', 'RESCHN2', NULL, NULL, 1, 30, 0, NULL, NULL),
('RESPOI1', 'Résistance aux poisons I', 1, 'ACTIF', 'V', NULL, 'RESPOI2', NULL, 1, 30, 0, NULL, NULL),
('RESPOI2', 'Résistance aux poisons II', 2, 'ACTIF', 'V', 'RESPOI1', NULL, NULL, 1, 30, 0, NULL, NULL),
('RESTORT', 'Résistance à la torture', NULL, 'ACTIF', 'V', NULL, NULL, NULL, 1, 30, 0, NULL, NULL),
('RESUREC', 'Résurrection', NULL, 'DESUET', 'P', 'MAGIC1', NULL, 1, 6, 30, 0, NULL, NULL),
('RESUREC1', 'Résurrection I', 1, 'ACTIF', 'P', 'MAGIC1', 'RESUREC2', 1, 1, 30, 0, NULL, NULL),
('RESUREC2', 'Résurrection II', 2, 'ACTIF', 'P', 'RESUREC1', 'RESUREC3', 1, 1, 30, 0, NULL, NULL),
('RESUREC3', 'Résurrection III', 3, 'ACTIF', 'P', 'RESUREC2', 'RESUREC4', 1, 1, 30, 0, NULL, NULL),
('RESUREC4', 'Résurrection IV', 4, 'ACTIF', 'P', 'RESUREC3', 'RESUREC5', 1, 1, 30, 0, NULL, NULL),
('RESUREC5', 'Résurrection V', 5, 'ACTIF', 'P', 'RESUREC4', NULL, 1, 1, 30, 0, NULL, NULL),
('RETAB', 'Rétablissement', NULL, 'ACTIF', 'P', 'MAGIC1', NULL, NULL, 1, 30, 0, NULL, NULL),
('RICHESS', 'Richesse', NULL, 'DESUET', 'A', NULL, NULL, 25, 6, 30, 0, NULL, NULL),
('RICHESSE1', 'Richesse I', 1, 'ACTIF', 'A', '', 'RICHESSE2', 50, 1, 30, 0, NULL, NULL),
('RICHESSE2', 'Richesse II', 2, 'ACTIF', 'A', 'RICHESSE1', 'RICHESSE3', 25, 1, 30, 0, NULL, NULL),
('RICHESSE3', 'Richesse III', 3, 'ACTIF', 'A', 'RICHESSE2', 'RICHESSE4', 25, 1, 30, 0, NULL, 'A'),
('RICHESSE4', 'Richesse IV', 4, 'ACTIF', 'A', 'RICHESSE3', 'RICHESSE5', 25, 1, 30, 0, NULL, 'A'),
('RICHESSE5', 'Richesse V', 5, 'ACTIF', 'A', 'RICHESSE4', NULL, 25, 1, 30, 0, NULL, 'A'),
('SABOT1', 'Sabotage I', 1, 'ACTIF', 'V', NULL, 'SABOT2', 2, 1, 30, 0, NULL, 'V'),
('SABOT2', 'Sabotage II', 2, 'ACTIF', 'V', 'SABOT1', 'SABOT3', 1, 1, 30, 0, NULL, 'V'),
('SABOT3', 'Sabotage III', 3, 'ACTIF', 'V', 'SABOT2', 'SABOT4', 0, 1, 30, 0, NULL, 'V'),
('SABOT4', 'Sabotage IV', 4, 'ACTIF', 'V', 'SABOT3', 'SABOT5', 1, 1, 30, 0, NULL, 'V'),
('SABOT5', 'Sabotage V', 5, 'ACTIF', 'V', 'SABOT4', NULL, 0, 1, 30, 0, NULL, 'V'),
('SABOTAG', 'Sabotage', NULL, 'DESUET', 'V', NULL, NULL, 1, 6, 30, 0, NULL, NULL),
('SMOKE', 'Smoke', NULL, 'DESUET', 'V', NULL, NULL, 2, 6, 30, 0, NULL, NULL),
('SORCOMP', 'Sort complexe', NULL, 'DESUET', 'M', 'MAGIA4', NULL, NULL, 3, 30, 0, NULL, NULL),
('SORT1', 'Sort divin - Niveau I', 1, 'ACTIF', 'P', 'MAGIC1;MAGIS1;MAGIM1', NULL, NULL, 20, NULL, 1, 'SORT1', NULL),
('SORT2', 'Sort divin - Niveau II', 2, 'ACTIF', 'P', 'MAGIC2;MAGIS2;MAGIM2', NULL, NULL, 20, NULL, 1, 'SORT2', NULL),
('SORT3', 'Sort divin - Niveau III', 3, 'ACTIF', 'P', 'MAGIC3;MAGIS3;MAGIM3', NULL, NULL, 20, NULL, 1, 'SORT3', NULL),
('SORT4', 'Sort divin - Niveau IV', 4, 'ACTIF', 'P', 'MAGIC4;MAGIS4;MAGIM4', NULL, NULL, 20, NULL, 1, 'SORT4', NULL),
('SORT5', 'Sort divin - Niveau V', 5, 'ACTIF', 'P', 'MAGIC5;MAGIS5;MAGIM5', NULL, NULL, 20, NULL, 1, 'SORT5', NULL),
('SORTCOMP1', 'Sort complexe I', 1, 'ACTIF', 'M', 'MAGIA4', 'SORTCOMP2', 2, 1, 30, 0, NULL, NULL),
('SORTCOMP2', 'Sort complexe II', 2, 'ACTIF', 'M', 'SORTCOMP1', 'SORTCOMP3', 1, 1, 30, 0, NULL, NULL),
('SORTCOMP3', 'Sort complexe III', 3, 'ACTIF', 'M', 'SORTCOMP2', NULL, 2, 1, 30, 0, NULL, NULL),
('SPARM1', 'Spécialisation martiale - Armes de base', NULL, 'ACTIF', 'G', 'ARME1', NULL, NULL, 1, 30, 0, NULL, 'G'),
('SPARM2', 'Spécialisation martiale - Armes longues', NULL, 'ACTIF', 'G', 'ARME2', NULL, NULL, 1, 30, 0, NULL, 'G'),
('SPARM3', 'Spécialisation martiale - Armes lourdes', NULL, 'ACTIF', 'G', 'ARME3', NULL, NULL, 1, 30, 0, NULL, 'G'),
('SPARM4', 'Spécialisation martiale - Lances', NULL, 'ACTIF', 'G', 'ARME4', NULL, NULL, 1, 30, 0, NULL, 'G'),
('SPARM6', 'Spécialisation martiale - Armes à feu', NULL, 'ACTIF', 'G', 'ARME6', NULL, NULL, 1, 30, 0, NULL, 'G'),
('TORTURE', 'Torture', NULL, 'ACTIF', 'V', NULL, NULL, NULL, 1, 30, 0, NULL, NULL),
('TRANSAR', 'Transcription arcanique', NULL, 'ACTIF', 'M', 'MAGIA1', NULL, NULL, 1, 30, 0, NULL, NULL),
('VOL1', 'Vol à la tire I', 1, 'ACTIF', 'V', NULL, 'VOL2', NULL, 1, 30, 0, NULL, 'V'),
('VOL2', 'Vol à la tire II', 2, 'ACTIF', 'V', 'VOL1', NULL, NULL, 1, 30, 0, NULL, 'V');

-- --------------------------------------------------------

--
-- Table structure for table `competences_speciales`
--

CREATE TABLE `competences_speciales` (
  `Code` varchar(10) COLLATE utf8mb4_general_ci NOT NULL,
  `Nom` varchar(100) COLLATE utf8mb4_general_ci NOT NULL,
  `Type` varchar(10) COLLATE utf8mb4_general_ci NOT NULL,
  `Categorie` varchar(1) COLLATE utf8mb4_general_ci DEFAULT NULL,
  `CodeEtat` varchar(10) COLLATE utf8mb4_general_ci NOT NULL,
  `CodePrerequis1` varchar(100) COLLATE utf8mb4_general_ci DEFAULT NULL,
  `CodePrerequis2` varchar(100) COLLATE utf8mb4_general_ci DEFAULT NULL,
  `IndPrecision` int NOT NULL DEFAULT '0',
  `TypePrecision` varchar(10) COLLATE utf8mb4_general_ci DEFAULT NULL
) ENGINE=InnoDB DEFAULT CHARSET=utf8mb4 COLLATE=utf8mb4_general_ci;

--
-- Dumping data for table `competences_speciales`
--

INSERT INTO `competences_speciales` (`Code`, `Nom`, `Type`, `Categorie`, `CodeEtat`, `CodePrerequis1`, `CodePrerequis2`, `IndPrecision`, `TypePrecision`) VALUES
('ABJURATEUR', 'Abjurateur', 'PRESTIGE', 'M', 'ACTIF', 'MAGIA4', 'RENFORTA3', 1, 'PRESTIGE'),
('ALCMOBI', 'Alchimie mobile', 'MAJEURE', 'A', 'ACTIF', 'ALCHIM2', NULL, 0, NULL),
('AMAI1', 'Compréhension du langage amaï (langage obscur)', 'RACIALE', NULL, 'DESUET', NULL, NULL, 0, NULL),
('APOTHIC', 'Apothicaire', 'MINEURE', 'A', 'ACTIF', 'HERBO2', NULL, 0, NULL),
('ARCHIG', 'Architecture de guerre', 'MAJEURE', 'A', 'ACTIF', 'INGENI2', 'CONTACT1', 0, NULL),
('ARCHIMAGE', 'Archimage', 'PRESTIGE', 'M', 'ACTIF', 'MAGIA5', 'ETUDEARC5', 1, 'PRESTIGE'),
('ARCHON', 'Archon - Voir fiche d\'être mythique', 'MYTHIQUE', NULL, 'ACTIF', NULL, NULL, 0, NULL),
('ARMMAGS', 'Armes magiques supérieures', 'MAJEURE', 'A', 'ACTIF', 'FORGE5', NULL, 0, NULL),
('ASSASSIN', 'Assassin', 'PRESTIGE', 'V', 'ACTIF', 'EGORGE', 'FUITE3', 1, 'PRESTIGE'),
('AUGURE', 'Augure', 'PRESTIGE', 'P', 'ACTIF', 'MAGIC4;MAGIS4', 'MALEDIC', 1, 'PRESTIGE'),
('AURASP', 'Aura spirituelle', 'MAJEURE', 'P', 'ACTIF', 'MAGIC2;MAGIM2;MAGIS2', NULL, 0, NULL),
('AVATAR', 'Avatar - Voir fiche d\'être mythique', 'MYTHIQUE', NULL, 'ACTIF', NULL, NULL, 0, NULL),
('BABOCHE', 'Baboche', 'MINEURE', 'A', 'ACTIF', 'ALCOLB1;ALCOLV1;ALCOLS1', NULL, 0, NULL),
('BARON', 'Ressources d\'une baronnie', 'SPECIAL', NULL, 'ACTIF', NULL, NULL, 1, 'BARONNIE'),
('BOTANISTE', 'Botaniste', 'PRESTIGE', 'A', 'ACTIF', 'ALCHIM2;GRANDM', 'HERBO3', 1, 'PRESTIGE'),
('BOTSOUR', 'Botte sournoise', 'MINEURE', 'V', 'ACTIF', 'FUITE1;ENGOURD1', NULL, 0, NULL),
('BRISCOU', 'Brise-cou', 'MAJEURE', 'V', 'ACTIF', 'EGORGE', NULL, 0, NULL),
('BRISSOR', 'Brise-sort', 'MINEURE', 'M', 'ACTIF', 'LANGARC', NULL, 0, NULL),
('CANALIS', 'Canalisation', 'MINEURE', 'P', 'ACTIF', 'HMAGIC', NULL, 0, NULL),
('CHAMPION', 'Champion occulte', 'PRESTIGE', 'G', 'ACTIF', 'RESCHM2', 'LANGARC', 1, 'PRESTIGE'),
('CHAPPY1', 'Détestable, mais insignifiant', 'RACIALE', NULL, 'ACTIF', NULL, NULL, 0, NULL),
('CHARMEB', 'Charme irrésistible', 'MAJEURE', 'V', 'ACTIF', 'CHANT2', NULL, 0, NULL),
('CHAROGN', 'Charognard', 'MINEURE', 'G', 'ACTIF', NULL, NULL, 0, NULL),
('COMTE', 'Influence du comte', 'SPECIAL', NULL, 'ACTIF', NULL, NULL, 1, 'COMTE'),
('CRIGUER', 'Cri de guerre', 'MAJEURE', 'G', 'ACTIF', 'ENDURA1;RAGE1', NULL, 0, NULL),
('CUIRASSE', 'Cuirassé', 'PRESTIGE', 'G', 'ACTIF', 'ARMURF3', 'BOUCLI3', 1, 'PRESTIGE'),
('DECRET', 'Décret magique', 'MINEURE', 'A', 'ACTIF', 'NOTAIRE', NULL, 0, NULL),
('DEFIMP', 'Défense impénétrable', 'MINEURE', 'G', 'ACTIF', 'AMBIDX1;ENDURA1;SPARM1;SPARM2;SPARM3;SPARM4;SPARM6', NULL, 0, NULL),
('DEMI1', 'Guérison nécromantique', 'RACIALE', NULL, 'ACTIF', NULL, NULL, 0, NULL),
('DEMI2', 'Protection contre les morts', 'RACIALE', NULL, 'ACTIF', NULL, NULL, 0, NULL),
('DEMI3', 'Immunité aux effets Zombification et Bénédiction', 'RACIALE', NULL, 'ACTIF', NULL, NULL, 0, NULL),
('DESTRUCT', 'Destructeur', 'PRESTIGE', 'G', 'ACTIF', 'SPARM3', 'BRISARM3', 1, 'PRESTIGE'),
('DIPLOMATE', 'Diplomate', 'PRESTIGE', 'A', 'ACTIF', 'CONTACT3;COMMER3;RICHESSE3', 'NOTAIRE', 1, 'PRESTIGE'),
('DIVUS', 'Divus - Voir fiche d\'être mythique', 'MYTHIQUE', NULL, 'ACTIF', NULL, NULL, 0, NULL),
('DOSAGEX', 'Dosage excessif', 'MINEURE', 'A', 'ACTIF', 'ALCHIM2', NULL, 0, NULL),
('DUC', 'Faveur du duc', 'SPECIAL', NULL, 'ACTIF', NULL, NULL, 1, 'DUCHE'),
('EIDOLON', 'Eidolon - Voir fiche d\'être mythique', 'MYTHIQUE', NULL, 'ACTIF', NULL, NULL, 0, NULL),
('ELALCGN', '5 éléments alchimiques gratuits par GN', 'SPECIAL', NULL, 'DESUET', NULL, NULL, 0, NULL),
('ELEMARC', 'Éléments arcaniques supplémentaires', 'SPECIAL', NULL, 'ACTIF', NULL, NULL, 0, NULL),
('ELFE1', 'Compréhension du langage elfique (langage obscur)', 'RACIALE', NULL, 'DESUET', NULL, NULL, 0, NULL),
('ELMETGN', '5 éléments de métal gratuits par GN', 'SPECIAL', NULL, 'DESUET', NULL, NULL, 0, NULL),
('ESPION', 'Espion', 'PRESTIGE', 'V', 'ACTIF', 'IDSECRET3', 'FUITE3', 1, 'PRESTIGE'),
('ESPRANC', 'Esprits ancestraux', 'MINEURE', 'P', 'ACTIF', 'MAGIS2', NULL, 0, NULL),
('EXPERIM', 'Expérimentateur', 'PRESTIGE', 'A', 'ACTIF', 'ALCHIM3', 'LANGARC', 1, 'PRESTIGE'),
('EXPERPG', 'Expert en piège', 'MINEURE', 'V', 'ACTIF', 'ENGOURD1;SABOT1;ALCHIM1', NULL, 0, NULL),
('FASCINA', 'Fascination', 'MINEURE', 'V', 'ACTIF', 'CHANT1', NULL, 0, NULL),
('FAUSSAIRE', 'Faussaire', 'MAJEURE', 'V', 'ACTIF', 'MAGOU1', NULL, 0, NULL),
('FAVCHAO', 'Faveur de Chaos', 'SPECIAL', NULL, 'ACTIF', NULL, NULL, 0, NULL),
('FAVGOLG', 'Faveur de Golgoth', 'SPECIAL', NULL, 'ACTIF', NULL, NULL, 0, NULL),
('FIARC', 'Forgerion/Ingénieur arcanique', 'PRESTIGE', 'A', 'ACTIF', 'FORGE5', 'INGENI2', 1, 'PRESTIGE'),
('FOICACH', 'Foi cachée', 'MINEURE', 'P', 'ACTIF', 'MAGIC2;MAGIS2;MAGIM2', NULL, 0, NULL),
('FOUGUERRE', 'Fou de guerre', 'PRESTIGE', 'G', 'ACTIF', 'RAGE3', 'ENDURA1', 1, 'PRESTIGE'),
('FRIPON', 'Fripon/Escroc', 'PRESTIGE', 'V', 'ACTIF', 'VOL2', 'MAGOU3', 1, 'PRESTIGE'),
('GARDIEN', 'Gardien de la Voie', 'PRESTIGE', 'P', 'ACTIF', 'MAGIM5', 'LIENCOM3', 1, 'PRESTIGE'),
('GAROU', 'Garou - Voir fiche d\'être mythique', 'MYTHIQUE', NULL, 'ACTIF', NULL, NULL, 0, NULL),
('GNOLL1', 'Charognard inné', 'RACIALE', NULL, 'ACTIF', NULL, NULL, 0, NULL),
('GRENADE', 'Grenades', 'MINEURE', 'A', 'ACTIF', 'ALCHIM2;INGENI2', NULL, 0, NULL),
('GRMESSE', 'Grande messe', 'MAJEURE', 'P', 'ACTIF', 'MAGIC2', NULL, 0, NULL),
('GUIDE', 'Guide spirituel', 'PRESTIGE', 'P', 'ACTIF', 'MAGIS5', 'LIENCOM3', 1, 'PRESTIGE'),
('HANTISE', 'Hantise', 'MINEURE', 'P', 'ACTIF', 'PARLMOR', NULL, 0, NULL),
('HERITIER', 'Héritier arcanique/nécromantique', 'PRESTIGE', 'M', 'ACTIF', 'SORTCOMP3', 'PARCH2', 1, 'PRESTIGE'),
('INCORUP', 'Incorruptible', 'MINEURE', 'M', 'ACTIF', 'RESCHM2', NULL, 0, NULL),
('INQUISI', 'Inquisition', 'MAJEURE', 'P', 'ACTIF', 'MAGIC2;MAGIM2;MAGIS2', NULL, 0, NULL),
('INVESTI', 'Investigation', 'MINEURE', 'P', 'ACTIF', 'LIENCOM1', NULL, 0, NULL),
('LAMEARC', 'Lame arcanique', 'MAJEURE', 'M', 'ACTIF', 'FORGE1;PARCH1', 'MAGIA1', 0, NULL),
('LICHE', 'Liche - Voir fiche d\'être mythique', 'MYTHIQUE', NULL, 'ACTIF', NULL, NULL, 0, NULL),
('LIENMNE', 'Lien mnémonique', 'MINEURE', 'M', 'ACTIF', 'PARCH2', NULL, 0, NULL),
('MAGEGUERRE', 'Mage de guerre', 'PRESTIGE', 'M', 'ACTIF', 'ARMURE1;ARME2', 'MAGIA3', 1, 'PRESTIGE'),
('MAITRE', 'Maître d\'armes', 'PRESTIGE', 'G', 'ACTIF', 'SPARM1;SPARM2;SPARM3;SPARM4;SPARM6', 'ARME6', 1, 'PRESTIGE'),
('MALEFIC', 'Maléfices', 'MAJEURE', 'P', 'ACTIF', 'MALEDIC', NULL, 0, NULL),
('MALUS1', 'Exorcisme vous fait 2 points de dégât.', 'RACIALE', NULL, 'ACTIF', NULL, NULL, 0, NULL),
('MALUS10', 'Contrôle des morts-vivants vous paralyse pour 5 secondes.', 'RACIALE', NULL, 'ACTIF', NULL, NULL, 0, NULL),
('MALUS11', 'Choix du clan', 'RACIALE', NULL, 'ACTIF', NULL, NULL, 0, NULL),
('MALUS12', 'Peur du feu', 'RACIALE', NULL, 'ACTIF', NULL, NULL, 0, NULL),
('MALUS2', 'Mauvais élève', 'RACIALE', NULL, 'ACTIF', NULL, NULL, 0, NULL),
('MALUS3', '10 PA physique maximum', 'RACIALE', NULL, 'ACTIF', NULL, NULL, 0, NULL),
('MALUS4', 'Ne peut utiliser un grand bouclier', 'RACIALE', NULL, 'ACTIF', NULL, NULL, 0, NULL),
('MALUS5', 'Esprit impétueux', 'RACIALE', NULL, 'ACTIF', NULL, NULL, 0, NULL),
('MALUS6', 'Métabolisme agressif', 'RACIALE', NULL, 'ACTIF', NULL, NULL, 0, NULL),
('MALUS7', 'Esprit fragile', 'RACIALE', NULL, 'ACTIF', NULL, NULL, 0, NULL),
('MALUS8', 'Esprit chaotique', 'RACIALE', NULL, 'ACTIF', NULL, NULL, 0, NULL),
('MALUS9', 'Supersticieux', 'RACIALE', NULL, 'ACTIF', NULL, NULL, 0, NULL),
('MANANI', 'Manipulations animiques', 'MAJEURE', 'P', 'ACTIF', 'ETUDEREL5', NULL, 0, NULL),
('MANIPUL', 'Manipulateur', 'PRESTIGE', 'V', 'ACTIF', 'CONTACT3;MAGOU3', 'CHANT1', 1, 'PRESTIGE'),
('MDIPLO', 'Manoeuvre diplomatique', 'MINEURE', 'A', 'ACTIF', 'COMMER1;CONTACT1;NOTAIRE', NULL, 0, NULL),
('MECENAT', 'Mécénat', 'MINEURE', 'A', 'ACTIF', 'NOTAIRE;CONTACT1;RICHESSE1', NULL, 0, NULL),
('MENESTREL', 'Ménestrel', 'PRESTIGE', 'V', 'ACTIF', 'LANGARC;LANGUE1;LANGUE2;LANGUE3;LANGUE4', 'CHANT3', 1, 'PRESTIGE'),
('MERC349', 'Machandise : Baboche (4L) contre 50 chads', 'SPECIAL', NULL, 'ACTIF', NULL, NULL, 0, NULL),
('MERCANT', 'Mercanti', 'MAJEURE', 'A', 'ACTIF', 'COMMER2', 'CONTACT1', 0, NULL),
('MESPRITC', 'Monde spirituel chaotique : +5 éléments', 'SPECIAL', NULL, 'ACTIF', NULL, NULL, 0, NULL),
('MESPRITO', 'Monde spirituel chaotique : -5 éléments (min 2)', 'SPECIAL', NULL, 'ACTIF', NULL, NULL, 0, NULL),
('MIR888', 'Pouvoir miraculeux - Permet de frapper « Magique Vampirique ».', 'SPECIAL', NULL, 'ACTIF', NULL, NULL, 0, NULL),
('NAIN1', 'Immunité à l\'effet Assommer', 'RACIALE', NULL, 'ACTIF', NULL, NULL, 0, NULL),
('NAIN2', 'Compréhension des runes naines (langage obscur)', 'RACIALE', NULL, 'DESUET', NULL, NULL, 0, NULL),
('NOUVMAL1', 'Nouvelle malédiction I', 'CREATION', 'P', 'ACTIF', NULL, NULL, 1, 'LIBRE'),
('NOUVMAL2', 'Nouvelle malédiction II', 'CREATION', 'P', 'ACTIF', NULL, NULL, 1, 'LIBRE'),
('NOUVMAL3', 'Nouvelle malédiction III', 'CREATION', 'P', 'ACTIF', NULL, NULL, 1, 'LIBRE'),
('NOUVMAL4', 'Nouvelle malédiction IV', 'CREATION', 'P', 'ACTIF', NULL, NULL, 1, 'LIBRE'),
('NOUVMAL5', 'Nouvelle malédiction V', 'CREATION', 'P', 'ACTIF', NULL, NULL, 1, 'LIBRE'),
('NOUVRECA1', 'Nouvelle recette d\'alchimie I', 'CREATION', 'A', 'ACTIF', NULL, NULL, 1, 'LIBRE'),
('NOUVRECA2', 'Nouvelle recette d\'alchimie II', 'CREATION', 'A', 'ACTIF', NULL, NULL, 1, 'LIBRE'),
('NOUVRECA3', 'Nouvelle recette d\'alchimie III', 'CREATION', 'A', 'ACTIF', NULL, NULL, 1, 'LIBRE'),
('NOUVRECA4', 'Nouvelle recette d\'alchimie IV', 'CREATION', 'A', 'ACTIF', NULL, NULL, 1, 'LIBRE'),
('NOUVRECH1', 'Nouvelle recette d\'herboriste I', 'CREATION', 'A', 'ACTIF', NULL, NULL, 1, 'LIBRE'),
('NOUVRECH2', 'Nouvelle recette d\'herboriste II', 'CREATION', 'A', 'ACTIF', NULL, NULL, 1, 'LIBRE'),
('NOUVRECH3', 'Nouvelle recette d\'herboriste III', 'CREATION', 'A', 'ACTIF', NULL, NULL, 1, 'LIBRE'),
('NOUVSORT1', 'Invention d\'un sort complexe I', 'CREATION', 'M', 'ACTIF', NULL, NULL, 1, 'LIBRE'),
('NOUVSORT2', 'Invention d\'un sort complexe II', 'CREATION', 'M', 'ACTIF', NULL, NULL, 1, 'LIBRE'),
('NOUVSORT3', 'Invention d\'un sort complexe III', 'CREATION', 'M', 'ACTIF', NULL, NULL, 1, 'LIBRE'),
('NOUVSORT4', 'Invention d\'un sort complexe IV', 'CREATION', 'M', 'ACTIF', NULL, NULL, 1, 'LIBRE'),
('NOUVSORT5', 'Invention d\'un sort complexe V', 'CREATION', 'M', 'ACTIF', NULL, NULL, 1, 'LIBRE'),
('PALADIN', 'Paladin/Seigneur ténébreux', 'PRESTIGE', 'P', 'ACTIF', 'SPARM1;SPARM2;SPARM3;SPARM4;SPARM6', 'MAGIC3', 1, 'PRESTIGE'),
('PARADE', 'Parade robuste', 'MINEURE', 'G', 'ACTIF', 'ENDURA2', NULL, 0, NULL),
('PARLESP', 'Parler aux esprits', 'MINEURE', 'P', 'ACTIF', 'PARLMOR', NULL, 0, NULL),
('PHYSIC', 'Physicien', 'MAJEURE', 'A', 'ACTIF', 'PREMSOIN1', 'DIAGNOS1', 0, NULL),
('POISONS', 'Poison secret', 'MAJEURE', 'V', 'ACTIF', 'ATSOURN', NULL, 0, NULL),
('POSSESS', 'Possession', 'MAJEURE', 'P', 'ACTIF', 'MAGIS5', 'ETUDEREL5', 0, NULL),
('POSTDEF', 'Posture défensive', 'MINEURE', 'G', 'ACTIF', 'ARMURF2', NULL, 0, NULL),
('POUVDIV', 'Grâce divine', 'SPECIAL', NULL, 'ACTIF', NULL, NULL, 0, NULL),
('PROPHETE', 'Prophète', 'PRESTIGE', 'P', 'ACTIF', 'MAGIC5', 'LIENCOM3', 1, 'PRESTIGE'),
('PROTRES', 'Protection résiduelle', 'MAJEURE', 'M', 'ACTIF', 'MAGIA2', NULL, 0, NULL),
('PUISSAN', 'Puissant', 'MAJEURE', 'G', 'ACTIF', 'BRISBOUC1;BRISARM1;COUCRIT', NULL, 0, NULL),
('PV6', 'Robustesse mythique', 'SPECIAL', NULL, 'ACTIF', NULL, NULL, 0, NULL),
('PVBONUS', '+1 PV permanent', 'RACIALE', NULL, 'ACTIF', NULL, NULL, 0, NULL),
('PVMALUS', '-1 PV permanent', 'RACIALE', NULL, 'ACTIF', NULL, NULL, 0, NULL),
('PYROTEC', 'Pyrotechnie', 'MAJEURE', 'A', 'ACTIF', 'ALCHIM2', 'SABOT1;INGENI2', 0, NULL),
('RECPERS', 'Recette personnelle', 'MINEURE', 'A', 'ACTIF', 'ALCOLB1;ALCOLV1;ALCOLS1', 'HERBO1', 0, NULL),
('REGENEX', 'Régénération extrême', 'MAJEURE', 'G', 'ACTIF', 'REGEN2', NULL, 0, NULL),
('REGENT', 'Pouvoir du roi/de la reine', 'SPECIAL', NULL, 'ACTIF', NULL, NULL, 1, 'ROYAUME'),
('RELIC1', 'Création d\'une relique II', 'CREATION', 'P', 'ACTIF', NULL, NULL, 1, 'LIBRE'),
('RELIC2', 'Création d\'une relique II', 'CREATION', 'P', 'ACTIF', NULL, NULL, 1, 'LIBRE'),
('REMPART', 'Rempart', 'MAJEURE', 'G', 'ACTIF', 'ENDURA2;ARMURF2;BOUCLI3', NULL, 0, NULL),
('RENAISS', 'Renaissance', 'MAJEURE', 'P', 'ACTIF', 'RESUREC1;MAGIS2;MAGIM2', NULL, 0, NULL),
('RENFSUP', 'Renforts supérieurs', 'MINEURE', 'A', 'ACTIF', 'FORGE2', NULL, 0, NULL),
('REPROYAUME', 'Soutien du représentant', 'SPECIAL', NULL, 'ACTIF', NULL, NULL, 1, 'ROYAUME'),
('RESERVE', 'Réserve arcanique', 'MINEURE', 'M', 'ACTIF', 'ETUDEARC1', NULL, 0, NULL),
('RHUONGS', 'Rhum d\'onguent de soins', 'SPECIAL', NULL, 'ACTIF', NULL, NULL, 0, NULL),
('RITUALISTE', 'Ritualiste', 'PRESTIGE', 'M', 'ACTIF', 'MAGIA4', 'SORTCOMP3', 1, 'PRESTIGE'),
('ROBUST', 'Robuste', 'MINEURE', 'G', 'ACTIF', 'ENDURA1;PV2', NULL, 0, NULL),
('RUNEPER', 'Rune personnelle', 'MAJEURE', 'M', 'ACTIF', 'MAGIA5', NULL, 0, NULL),
('SACRIFI', 'Sacrificateur', 'MAJEURE', 'P', 'ACTIF', 'MAGIC2;MAGIM2;MAGIS2', NULL, 0, NULL),
('SAGACIT', 'Sagacité', 'MINEURE', 'V', 'ACTIF', 'RESCHN2', NULL, 0, NULL),
('SANCTIF', 'Sanctification', 'MINEURE', 'P', 'ACTIF', 'MAGIC3;MAGIM3', NULL, 0, NULL),
('SECANI', 'Secrets animiques', 'MINEURE', 'P', 'ACTIF', 'MAGIC1;MAGIS1;MAGIM1', NULL, 0, NULL),
('SIGNMAG', 'Signature magique', 'MAJEURE', 'M', 'ACTIF', 'MAGIA2', NULL, 0, NULL),
('SOLERION', 'Solérion - Voir fiche d\'être mythique', 'MYTHIQUE', NULL, 'ACTIF', NULL, NULL, 0, NULL),
('SOLISTE', 'Soliste', 'MINEURE', 'V', 'ACTIF', 'CHANT2', NULL, 0, NULL),
('SPECCOM', 'Spécialisation commerciale', 'MINEURE', 'A', 'ACTIF', 'COMMER2', NULL, 1, 'MARCHAND'),
('SURVIV', 'Survivaliste', 'MAJEURE', 'G', 'ACTIF', NULL, NULL, 0, NULL),
('SYNTESE', 'Synthèse', 'MAJEURE', 'A', 'ACTIF', 'HERBO2', NULL, 0, NULL),
('TECHSIL', 'Technique silencieuse', 'MINEURE', 'V', 'ACTIF', 'ATSOURN', NULL, 0, NULL),
('TENANCIER', 'Maître tenancier', 'PRESTIGE', 'A', 'ACTIF', 'COMMER1', NULL, 1, 'PRESTIGE'),
('THELENAS1', 'Don de Télénas - Parler aux mort au toucher et sans rituel', 'SPECIAL', NULL, 'ACTIF', NULL, NULL, 0, NULL),
('TONECRO', 'Toucher nécromant', 'MINEURE', 'M', 'ACTIF', 'MAGIA3;MAGIC3', NULL, 0, NULL),
('TOUCDIV', 'Toucher divin', 'MINEURE', 'P', 'ACTIF', 'MAGIC1', NULL, 0, NULL),
('TRANSEB', 'Transe berserk', 'MINEURE', 'G', 'ACTIF', 'RAGE2', NULL, 0, NULL),
('TRANSMU', 'Transmutation alchimique', 'MAJEURE', 'A', 'ACTIF', 'ALCHIM3', NULL, 0, NULL),
('TRANSPO', 'Artisan : Transport', 'SPECIAL', NULL, 'ACTIF', NULL, NULL, 0, NULL),
('VAMPIRE', 'Vampire - Voir fiche d\'être mythique', 'MYTHIQUE', NULL, 'ACTIF', NULL, NULL, 0, NULL),
('VIRTUOS', 'Virtuose', 'MAJEURE', 'V', 'ACTIF', 'CHANT2', NULL, 0, NULL);

-- --------------------------------------------------------

--
-- Table structure for table `cout_competences_reg`
--

CREATE TABLE `cout_competences_reg` (
  `CodeCompReg` varchar(10) COLLATE utf8mb4_general_ci NOT NULL,
  `CodeRace` varchar(10) COLLATE utf8mb4_general_ci NOT NULL,
  `CoutXP` int DEFAULT NULL
) ENGINE=InnoDB DEFAULT CHARSET=utf8mb4 COLLATE=utf8mb4_general_ci;

--
-- Dumping data for table `cout_competences_reg`
--

INSERT INTO `cout_competences_reg` (`CodeCompReg`, `CodeRace`, `CoutXP`) VALUES
('ALCHIM1', 'AMAI', 100),
('ALCHIM1', 'CHAPPY', 100),
('ALCHIM1', 'DEMI', 100),
('ALCHIM1', 'ELFE', 100),
('ALCHIM1', 'GNOLL', 115),
('ALCHIM1', 'GOBELIN', 85),
('ALCHIM1', 'HLEZARD', 100),
('ALCHIM1', 'HRAT', 70),
('ALCHIM1', 'HUMAIN', 100),
('ALCHIM1', 'NAIN', 100),
('ALCHIM1', 'ORC', 130),
('ALCHIM2', 'AMAI', 100),
('ALCHIM2', 'CHAPPY', 100),
('ALCHIM2', 'DEMI', 100),
('ALCHIM2', 'ELFE', 100),
('ALCHIM2', 'GNOLL', 115),
('ALCHIM2', 'GOBELIN', 85),
('ALCHIM2', 'HLEZARD', 100),
('ALCHIM2', 'HRAT', 70),
('ALCHIM2', 'HUMAIN', 100),
('ALCHIM2', 'NAIN', 100),
('ALCHIM2', 'ORC', 130),
('ALCHIM3', 'AMAI', 100),
('ALCHIM3', 'CHAPPY', 100),
('ALCHIM3', 'DEMI', 100),
('ALCHIM3', 'ELFE', 100),
('ALCHIM3', 'GNOLL', 115),
('ALCHIM3', 'GOBELIN', 85),
('ALCHIM3', 'HLEZARD', 100),
('ALCHIM3', 'HRAT', 70),
('ALCHIM3', 'HUMAIN', 100),
('ALCHIM3', 'NAIN', 100),
('ALCHIM3', 'ORC', 130),
('ALCHIM4', 'AMAI', 100),
('ALCHIM4', 'CHAPPY', 100),
('ALCHIM4', 'DEMI', 100),
('ALCHIM4', 'ELFE', 100),
('ALCHIM4', 'GOBELIN', 85),
('ALCHIM4', 'HRAT', 70),
('ALCHIM4', 'HUMAIN', 100),
('ALCHIM4', 'NAIN', 100),
('ALCHIM4', 'ORC', 130),
('ALCOLB1', 'AMAI', 30),
('ALCOLB1', 'CHAPPY', 20),
('ALCOLB1', 'DEMI', 30),
('ALCOLB1', 'ELFE', 30),
('ALCOLB1', 'GNOLL', 30),
('ALCOLB1', 'GOBELIN', 30),
('ALCOLB1', 'HLEZARD', 30),
('ALCOLB1', 'HRAT', 30),
('ALCOLB1', 'HUMAIN', 30),
('ALCOLB1', 'NAIN', 20),
('ALCOLB1', 'ORC', 30),
('ALCOLB2', 'AMAI', 30),
('ALCOLB2', 'CHAPPY', 30),
('ALCOLB2', 'DEMI', 30),
('ALCOLB2', 'ELFE', 30),
('ALCOLB2', 'GNOLL', 30),
('ALCOLB2', 'GOBELIN', 30),
('ALCOLB2', 'HLEZARD', 30),
('ALCOLB2', 'HRAT', 30),
('ALCOLB2', 'HUMAIN', 30),
('ALCOLB2', 'NAIN', 20),
('ALCOLB2', 'ORC', 30),
('ALCOLB3', 'AMAI', 30),
('ALCOLB3', 'CHAPPY', 30),
('ALCOLB3', 'DEMI', 30),
('ALCOLB3', 'ELFE', 30),
('ALCOLB3', 'GNOLL', 30),
('ALCOLB3', 'GOBELIN', 30),
('ALCOLB3', 'HLEZARD', 30),
('ALCOLB3', 'HRAT', 30),
('ALCOLB3', 'HUMAIN', 30),
('ALCOLB3', 'NAIN', 20),
('ALCOLB3', 'ORC', 30),
('ALCOLS1', 'AMAI', 30),
('ALCOLS1', 'CHAPPY', 20),
('ALCOLS1', 'DEMI', 30),
('ALCOLS1', 'ELFE', 30),
('ALCOLS1', 'GNOLL', 30),
('ALCOLS1', 'GOBELIN', 30),
('ALCOLS1', 'HLEZARD', 30),
('ALCOLS1', 'HRAT', 30),
('ALCOLS1', 'HUMAIN', 30),
('ALCOLS1', 'NAIN', 20),
('ALCOLS1', 'ORC', 30),
('ALCOLS2', 'AMAI', 30),
('ALCOLS2', 'CHAPPY', 20),
('ALCOLS2', 'DEMI', 30),
('ALCOLS2', 'ELFE', 30),
('ALCOLS2', 'GNOLL', 30),
('ALCOLS2', 'GOBELIN', 30),
('ALCOLS2', 'HLEZARD', 30),
('ALCOLS2', 'HRAT', 30),
('ALCOLS2', 'HUMAIN', 30),
('ALCOLS2', 'NAIN', 20),
('ALCOLS2', 'ORC', 30),
('ALCOLS3', 'AMAI', 30),
('ALCOLS3', 'CHAPPY', 20),
('ALCOLS3', 'DEMI', 30),
('ALCOLS3', 'ELFE', 30),
('ALCOLS3', 'GNOLL', 30),
('ALCOLS3', 'GOBELIN', 30),
('ALCOLS3', 'HLEZARD', 30),
('ALCOLS3', 'HRAT', 30),
('ALCOLS3', 'HUMAIN', 30),
('ALCOLS3', 'NAIN', 20),
('ALCOLS3', 'ORC', 30),
('ALCOLV1', 'AMAI', 30),
('ALCOLV1', 'CHAPPY', 20),
('ALCOLV1', 'DEMI', 30),
('ALCOLV1', 'ELFE', 30),
('ALCOLV1', 'GNOLL', 30),
('ALCOLV1', 'GOBELIN', 30),
('ALCOLV1', 'HLEZARD', 30),
('ALCOLV1', 'HRAT', 30),
('ALCOLV1', 'HUMAIN', 30),
('ALCOLV1', 'NAIN', 20),
('ALCOLV1', 'ORC', 30),
('ALCOLV2', 'AMAI', 30),
('ALCOLV2', 'CHAPPY', 20),
('ALCOLV2', 'DEMI', 30),
('ALCOLV2', 'ELFE', 30),
('ALCOLV2', 'GNOLL', 30),
('ALCOLV2', 'GOBELIN', 30),
('ALCOLV2', 'HLEZARD', 30),
('ALCOLV2', 'HRAT', 30),
('ALCOLV2', 'HUMAIN', 30),
('ALCOLV2', 'NAIN', 20),
('ALCOLV2', 'ORC', 30),
('ALCOLV3', 'AMAI', 30),
('ALCOLV3', 'CHAPPY', 20),
('ALCOLV3', 'DEMI', 30),
('ALCOLV3', 'ELFE', 30),
('ALCOLV3', 'GNOLL', 30),
('ALCOLV3', 'GOBELIN', 30),
('ALCOLV3', 'HLEZARD', 30),
('ALCOLV3', 'HRAT', 30),
('ALCOLV3', 'HUMAIN', 30),
('ALCOLV3', 'NAIN', 20),
('ALCOLV3', 'ORC', 30),
('AMBIDX1', 'AMAI', 50),
('AMBIDX1', 'CHAPPY', 60),
('AMBIDX1', 'DEMI', 70),
('AMBIDX1', 'ELFE', 50),
('AMBIDX1', 'GNOLL', 60),
('AMBIDX1', 'GOBELIN', 70),
('AMBIDX1', 'HLEZARD', 70),
('AMBIDX1', 'HRAT', 60),
('AMBIDX1', 'HUMAIN', 70),
('AMBIDX1', 'NAIN', 90),
('AMBIDX1', 'ORC', 70),
('AMBIDX2', 'AMAI', 50),
('AMBIDX2', 'CHAPPY', 60),
('AMBIDX2', 'DEMI', 70),
('AMBIDX2', 'ELFE', 50),
('AMBIDX2', 'GNOLL', 60),
('AMBIDX2', 'GOBELIN', 70),
('AMBIDX2', 'HLEZARD', 70),
('AMBIDX2', 'HRAT', 60),
('AMBIDX2', 'HUMAIN', 70),
('AMBIDX2', 'NAIN', 90),
('AMBIDX2', 'ORC', 70),
('AMBIDX3', 'AMAI', 50),
('AMBIDX3', 'CHAPPY', 60),
('AMBIDX3', 'DEMI', 70),
('AMBIDX3', 'ELFE', 50),
('AMBIDX3', 'GNOLL', 60),
('AMBIDX3', 'GOBELIN', 70),
('AMBIDX3', 'HLEZARD', 70),
('AMBIDX3', 'HRAT', 60),
('AMBIDX3', 'HUMAIN', 70),
('AMBIDX3', 'NAIN', 90),
('AMBIDX3', 'ORC', 70),
('APPRENT', 'AMAI', 50),
('APPRENT', 'CHAPPY', 50),
('APPRENT', 'DEMI', 50),
('APPRENT', 'ELFE', 50),
('APPRENT', 'GNOLL', 50),
('APPRENT', 'GOBELIN', 50),
('APPRENT', 'HLEZARD', 50),
('APPRENT', 'HRAT', 50),
('APPRENT', 'HUMAIN', 50),
('APPRENT', 'NAIN', 50),
('APPRENT', 'ORC', 50),
('APPRENT1', 'AMAI', 50),
('APPRENT1', 'CHAPPY', 50),
('APPRENT1', 'DEMI', 50),
('APPRENT1', 'ELFE', 50),
('APPRENT1', 'GNOLL', 50),
('APPRENT1', 'GOBELIN', 50),
('APPRENT1', 'HLEZARD', 50),
('APPRENT1', 'HRAT', 50),
('APPRENT1', 'HUMAIN', 50),
('APPRENT1', 'NAIN', 50),
('APPRENT1', 'ORC', 50),
('APPRENT2', 'AMAI', 50),
('APPRENT2', 'CHAPPY', 50),
('APPRENT2', 'DEMI', 50),
('APPRENT2', 'ELFE', 50),
('APPRENT2', 'GNOLL', 50),
('APPRENT2', 'GOBELIN', 50),
('APPRENT2', 'HLEZARD', 50),
('APPRENT2', 'HRAT', 50),
('APPRENT2', 'HUMAIN', 50),
('APPRENT2', 'NAIN', 50),
('APPRENT2', 'ORC', 50),
('APPRENT3', 'AMAI', 50),
('APPRENT3', 'CHAPPY', 50),
('APPRENT3', 'DEMI', 50),
('APPRENT3', 'ELFE', 50),
('APPRENT3', 'GNOLL', 50),
('APPRENT3', 'GOBELIN', 50),
('APPRENT3', 'HLEZARD', 50),
('APPRENT3', 'HRAT', 50),
('APPRENT3', 'HUMAIN', 50),
('APPRENT3', 'NAIN', 50),
('APPRENT3', 'ORC', 50),
('APPRENT4', 'AMAI', 50),
('APPRENT4', 'CHAPPY', 50),
('APPRENT4', 'DEMI', 50),
('APPRENT4', 'ELFE', 50),
('APPRENT4', 'GNOLL', 50),
('APPRENT4', 'GOBELIN', 50),
('APPRENT4', 'HLEZARD', 50),
('APPRENT4', 'HRAT', 50),
('APPRENT4', 'HUMAIN', 50),
('APPRENT4', 'NAIN', 50),
('APPRENT4', 'ORC', 50),
('APPRENT5', 'AMAI', 50),
('APPRENT5', 'CHAPPY', 50),
('APPRENT5', 'DEMI', 50),
('APPRENT5', 'ELFE', 50),
('APPRENT5', 'GNOLL', 50),
('APPRENT5', 'GOBELIN', 50),
('APPRENT5', 'HLEZARD', 50),
('APPRENT5', 'HRAT', 50),
('APPRENT5', 'HUMAIN', 50),
('APPRENT5', 'NAIN', 50),
('APPRENT5', 'ORC', 50),
('ARME1', 'AMAI', 40),
('ARME1', 'CHAPPY', 50),
('ARME1', 'DEMI', 40),
('ARME1', 'ELFE', 40),
('ARME1', 'GNOLL', 30),
('ARME1', 'GOBELIN', 50),
('ARME1', 'HLEZARD', 40),
('ARME1', 'HRAT', 30),
('ARME1', 'HUMAIN', 40),
('ARME1', 'NAIN', 30),
('ARME1', 'ORC', 20),
('ARME2', 'AMAI', 40),
('ARME2', 'CHAPPY', 50),
('ARME2', 'DEMI', 40),
('ARME2', 'ELFE', 40),
('ARME2', 'GNOLL', 30),
('ARME2', 'GOBELIN', 50),
('ARME2', 'HLEZARD', 40),
('ARME2', 'HRAT', 30),
('ARME2', 'HUMAIN', 40),
('ARME2', 'NAIN', 30),
('ARME2', 'ORC', 20),
('ARME3', 'AMAI', 40),
('ARME3', 'CHAPPY', 50),
('ARME3', 'DEMI', 40),
('ARME3', 'ELFE', 40),
('ARME3', 'GNOLL', 30),
('ARME3', 'GOBELIN', 50),
('ARME3', 'HLEZARD', 40),
('ARME3', 'HRAT', 30),
('ARME3', 'HUMAIN', 40),
('ARME3', 'NAIN', 30),
('ARME3', 'ORC', 20),
('ARME4', 'AMAI', 40),
('ARME4', 'CHAPPY', 50),
('ARME4', 'DEMI', 40),
('ARME4', 'ELFE', 40),
('ARME4', 'GNOLL', 30),
('ARME4', 'GOBELIN', 50),
('ARME4', 'HLEZARD', 40),
('ARME4', 'HRAT', 30),
('ARME4', 'HUMAIN', 40),
('ARME4', 'NAIN', 30),
('ARME4', 'ORC', 20),
('ARME5', 'AMAI', 40),
('ARME5', 'CHAPPY', 50),
('ARME5', 'DEMI', 40),
('ARME5', 'ELFE', 40),
('ARME5', 'GNOLL', 30),
('ARME5', 'GOBELIN', 50),
('ARME5', 'HLEZARD', 40),
('ARME5', 'HRAT', 30),
('ARME5', 'HUMAIN', 40),
('ARME5', 'NAIN', 30),
('ARME5', 'ORC', 20),
('ARME6', 'AMAI', 40),
('ARME6', 'CHAPPY', 50),
('ARME6', 'DEMI', 40),
('ARME6', 'ELFE', 40),
('ARME6', 'GNOLL', 30),
('ARME6', 'GOBELIN', 50),
('ARME6', 'HLEZARD', 40),
('ARME6', 'HRAT', 30),
('ARME6', 'HUMAIN', 40),
('ARME6', 'NAIN', 30),
('ARME6', 'ORC', 20),
('ARMURE1', 'AMAI', 40),
('ARMURE1', 'CHAPPY', 50),
('ARMURE1', 'DEMI', 40),
('ARMURE1', 'ELFE', 40),
('ARMURE1', 'GNOLL', 40),
('ARMURE1', 'GOBELIN', 40),
('ARMURE1', 'HLEZARD', 40),
('ARMURE1', 'HRAT', 50),
('ARMURE1', 'HUMAIN', 40),
('ARMURE1', 'NAIN', 20),
('ARMURE1', 'ORC', 20),
('ARMURE2', 'AMAI', 40),
('ARMURE2', 'CHAPPY', 50),
('ARMURE2', 'DEMI', 40),
('ARMURE2', 'ELFE', 40),
('ARMURE2', 'GNOLL', 40),
('ARMURE2', 'GOBELIN', 40),
('ARMURE2', 'HLEZARD', 40),
('ARMURE2', 'HRAT', 50),
('ARMURE2', 'HUMAIN', 40),
('ARMURE2', 'NAIN', 20),
('ARMURE2', 'ORC', 20),
('ARMURE3', 'AMAI', 40),
('ARMURE3', 'CHAPPY', 50),
('ARMURE3', 'DEMI', 40),
('ARMURE3', 'ELFE', 40),
('ARMURE3', 'GNOLL', 40),
('ARMURE3', 'GOBELIN', 40),
('ARMURE3', 'HLEZARD', 40),
('ARMURE3', 'HRAT', 50),
('ARMURE3', 'HUMAIN', 40),
('ARMURE3', 'NAIN', 20),
('ARMURE3', 'ORC', 20),
('ARMURF1', 'AMAI', 120),
('ARMURF1', 'CHAPPY', 120),
('ARMURF1', 'DEMI', 100),
('ARMURF1', 'ELFE', 120),
('ARMURF1', 'GNOLL', 100),
('ARMURF1', 'GOBELIN', 120),
('ARMURF1', 'HLEZARD', 100),
('ARMURF1', 'HRAT', 120),
('ARMURF1', 'HUMAIN', 100),
('ARMURF1', 'NAIN', 80),
('ARMURF1', 'ORC', 100),
('ARMURF2', 'AMAI', 120),
('ARMURF2', 'CHAPPY', 120),
('ARMURF2', 'DEMI', 100),
('ARMURF2', 'ELFE', 120),
('ARMURF2', 'GNOLL', 100),
('ARMURF2', 'GOBELIN', 120),
('ARMURF2', 'HLEZARD', 100),
('ARMURF2', 'HRAT', 120),
('ARMURF2', 'HUMAIN', 100),
('ARMURF2', 'NAIN', 80),
('ARMURF2', 'ORC', 100),
('ARMURF3', 'CHAPPY', 120),
('ARMURF3', 'DEMI', 100),
('ARMURF3', 'GNOLL', 100),
('ARMURF3', 'GOBELIN', 120),
('ARMURF3', 'HLEZARD', 100),
('ARMURF3', 'HRAT', 120),
('ARMURF3', 'HUMAIN', 100),
('ARMURF3', 'NAIN', 80),
('ARMURF3', 'ORC', 100),
('ASSOMER', 'AMAI', 60),
('ASSOMER', 'CHAPPY', 60),
('ASSOMER', 'DEMI', 60),
('ASSOMER', 'ELFE', 60),
('ASSOMER', 'GNOLL', 60),
('ASSOMER', 'GOBELIN', 60),
('ASSOMER', 'HLEZARD', 60),
('ASSOMER', 'HRAT', 60),
('ASSOMER', 'HUMAIN', 60),
('ASSOMER', 'NAIN', 50),
('ASSOMER', 'ORC', 50),
('ATSOURN', 'AMAI', 40),
('ATSOURN', 'CHAPPY', 50),
('ATSOURN', 'DEMI', 60),
('ATSOURN', 'ELFE', 50),
('ATSOURN', 'GNOLL', 60),
('ATSOURN', 'GOBELIN', 60),
('ATSOURN', 'HLEZARD', 60),
('ATSOURN', 'HRAT', 40),
('ATSOURN', 'HUMAIN', 60),
('ATSOURN', 'ORC', 80),
('BOUCLI1', 'AMAI', 25),
('BOUCLI1', 'CHAPPY', 25),
('BOUCLI1', 'DEMI', 25),
('BOUCLI1', 'ELFE', 25),
('BOUCLI1', 'GNOLL', 25),
('BOUCLI1', 'GOBELIN', 25),
('BOUCLI1', 'HLEZARD', 25),
('BOUCLI1', 'HRAT', 25),
('BOUCLI1', 'HUMAIN', 25),
('BOUCLI1', 'NAIN', 25),
('BOUCLI1', 'ORC', 25),
('BOUCLI2', 'AMAI', 25),
('BOUCLI2', 'CHAPPY', 25),
('BOUCLI2', 'DEMI', 25),
('BOUCLI2', 'ELFE', 25),
('BOUCLI2', 'GNOLL', 25),
('BOUCLI2', 'GOBELIN', 25),
('BOUCLI2', 'HLEZARD', 25),
('BOUCLI2', 'HRAT', 25),
('BOUCLI2', 'HUMAIN', 25),
('BOUCLI2', 'NAIN', 25),
('BOUCLI2', 'ORC', 25),
('BOUCLI3', 'AMAI', 25),
('BOUCLI3', 'CHAPPY', 25),
('BOUCLI3', 'DEMI', 25),
('BOUCLI3', 'ELFE', 25),
('BOUCLI3', 'GNOLL', 25),
('BOUCLI3', 'GOBELIN', 25),
('BOUCLI3', 'HLEZARD', 25),
('BOUCLI3', 'HRAT', 25),
('BOUCLI3', 'HUMAIN', 25),
('BOUCLI3', 'NAIN', 25),
('BOUCLI3', 'ORC', 25),
('BRISARM', 'AMAI', 90),
('BRISARM', 'CHAPPY', 90),
('BRISARM', 'DEMI', 80),
('BRISARM', 'ELFE', 90),
('BRISARM', 'GNOLL', 70),
('BRISARM', 'GOBELIN', 90),
('BRISARM', 'HLEZARD', 80),
('BRISARM', 'HRAT', 90),
('BRISARM', 'HUMAIN', 80),
('BRISARM', 'NAIN', 70),
('BRISARM', 'ORC', 70),
('BRISARM1', 'AMAI', 90),
('BRISARM1', 'CHAPPY', 90),
('BRISARM1', 'DEMI', 80),
('BRISARM1', 'ELFE', 90),
('BRISARM1', 'GNOLL', 70),
('BRISARM1', 'GOBELIN', 90),
('BRISARM1', 'HLEZARD', 80),
('BRISARM1', 'HRAT', 90),
('BRISARM1', 'HUMAIN', 80),
('BRISARM1', 'NAIN', 70),
('BRISARM1', 'ORC', 70),
('BRISARM2', 'AMAI', 90),
('BRISARM2', 'CHAPPY', 90),
('BRISARM2', 'DEMI', 80),
('BRISARM2', 'ELFE', 90),
('BRISARM2', 'GNOLL', 70),
('BRISARM2', 'GOBELIN', 90),
('BRISARM2', 'HLEZARD', 80),
('BRISARM2', 'HRAT', 90),
('BRISARM2', 'HUMAIN', 80),
('BRISARM2', 'NAIN', 70),
('BRISARM2', 'ORC', 70),
('BRISARM3', 'AMAI', 90),
('BRISARM3', 'CHAPPY', 90),
('BRISARM3', 'DEMI', 80),
('BRISARM3', 'ELFE', 90),
('BRISARM3', 'GNOLL', 70),
('BRISARM3', 'GOBELIN', 90),
('BRISARM3', 'HLEZARD', 80),
('BRISARM3', 'HRAT', 90),
('BRISARM3', 'HUMAIN', 80),
('BRISARM3', 'NAIN', 70),
('BRISARM3', 'ORC', 70),
('BRISARM4', 'AMAI', 90),
('BRISARM4', 'CHAPPY', 90),
('BRISARM4', 'DEMI', 80),
('BRISARM4', 'ELFE', 90),
('BRISARM4', 'GNOLL', 70),
('BRISARM4', 'GOBELIN', 90),
('BRISARM4', 'HLEZARD', 80),
('BRISARM4', 'HRAT', 90),
('BRISARM4', 'HUMAIN', 80),
('BRISARM4', 'NAIN', 70),
('BRISARM4', 'ORC', 70),
('BRISARM5', 'AMAI', 90),
('BRISARM5', 'CHAPPY', 90),
('BRISARM5', 'DEMI', 80),
('BRISARM5', 'ELFE', 90),
('BRISARM5', 'GNOLL', 70),
('BRISARM5', 'GOBELIN', 90),
('BRISARM5', 'HLEZARD', 80),
('BRISARM5', 'HRAT', 90),
('BRISARM5', 'HUMAIN', 80),
('BRISARM5', 'NAIN', 70),
('BRISARM5', 'ORC', 70),
('BRISBOU', 'AMAI', 50),
('BRISBOU', 'CHAPPY', 50),
('BRISBOU', 'DEMI', 40),
('BRISBOU', 'ELFE', 50),
('BRISBOU', 'GNOLL', 35),
('BRISBOU', 'GOBELIN', 45),
('BRISBOU', 'HLEZARD', 40),
('BRISBOU', 'HRAT', 50),
('BRISBOU', 'HUMAIN', 40),
('BRISBOU', 'NAIN', 35),
('BRISBOU', 'ORC', 35),
('BRISBOUC1', 'AMAI', 60),
('BRISBOUC1', 'CHAPPY', 60),
('BRISBOUC1', 'DEMI', 50),
('BRISBOUC1', 'ELFE', 60),
('BRISBOUC1', 'GNOLL', 45),
('BRISBOUC1', 'GOBELIN', 55),
('BRISBOUC1', 'HLEZARD', 50),
('BRISBOUC1', 'HRAT', 60),
('BRISBOUC1', 'HUMAIN', 50),
('BRISBOUC1', 'NAIN', 45),
('BRISBOUC1', 'ORC', 45),
('BRISBOUC2', 'AMAI', 60),
('BRISBOUC2', 'CHAPPY', 60),
('BRISBOUC2', 'DEMI', 50),
('BRISBOUC2', 'ELFE', 60),
('BRISBOUC2', 'GNOLL', 45),
('BRISBOUC2', 'GOBELIN', 55),
('BRISBOUC2', 'HLEZARD', 50),
('BRISBOUC2', 'HRAT', 60),
('BRISBOUC2', 'HUMAIN', 50),
('BRISBOUC2', 'NAIN', 45),
('BRISBOUC2', 'ORC', 45),
('BRISBOUC3', 'AMAI', 60),
('BRISBOUC3', 'CHAPPY', 60),
('BRISBOUC3', 'DEMI', 50),
('BRISBOUC3', 'ELFE', 60),
('BRISBOUC3', 'GNOLL', 45),
('BRISBOUC3', 'GOBELIN', 55),
('BRISBOUC3', 'HLEZARD', 50),
('BRISBOUC3', 'HRAT', 60),
('BRISBOUC3', 'HUMAIN', 50),
('BRISBOUC3', 'NAIN', 45),
('BRISBOUC3', 'ORC', 45),
('BRISBOUC4', 'AMAI', 60),
('BRISBOUC4', 'CHAPPY', 60),
('BRISBOUC4', 'DEMI', 50),
('BRISBOUC4', 'ELFE', 60),
('BRISBOUC4', 'GNOLL', 45),
('BRISBOUC4', 'GOBELIN', 55),
('BRISBOUC4', 'HLEZARD', 50),
('BRISBOUC4', 'HRAT', 60),
('BRISBOUC4', 'HUMAIN', 50),
('BRISBOUC4', 'NAIN', 45),
('BRISBOUC4', 'ORC', 45),
('BRISBOUC5', 'AMAI', 60),
('BRISBOUC5', 'CHAPPY', 60),
('BRISBOUC5', 'DEMI', 50),
('BRISBOUC5', 'ELFE', 60),
('BRISBOUC5', 'GNOLL', 45),
('BRISBOUC5', 'GOBELIN', 55),
('BRISBOUC5', 'HLEZARD', 50),
('BRISBOUC5', 'HRAT', 60),
('BRISBOUC5', 'HUMAIN', 50),
('BRISBOUC5', 'NAIN', 45),
('BRISBOUC5', 'ORC', 45),
('CHANT1', 'AMAI', 80),
('CHANT1', 'CHAPPY', 80),
('CHANT1', 'DEMI', 100),
('CHANT1', 'ELFE', 80),
('CHANT1', 'GNOLL', 120),
('CHANT1', 'GOBELIN', 120),
('CHANT1', 'HLEZARD', 120),
('CHANT1', 'HRAT', 120),
('CHANT1', 'HUMAIN', 100),
('CHANT1', 'NAIN', 120),
('CHANT1', 'ORC', 120),
('CHANT2', 'AMAI', 80),
('CHANT2', 'CHAPPY', 80),
('CHANT2', 'DEMI', 100),
('CHANT2', 'ELFE', 80),
('CHANT2', 'GNOLL', 120),
('CHANT2', 'GOBELIN', 120),
('CHANT2', 'HLEZARD', 120),
('CHANT2', 'HRAT', 120),
('CHANT2', 'HUMAIN', 100),
('CHANT2', 'NAIN', 120),
('CHANT2', 'ORC', 120),
('CHANT3', 'AMAI', 80),
('CHANT3', 'CHAPPY', 80),
('CHANT3', 'DEMI', 100),
('CHANT3', 'ELFE', 80),
('CHANT3', 'GNOLL', 120),
('CHANT3', 'GOBELIN', 120),
('CHANT3', 'HLEZARD', 120),
('CHANT3', 'HRAT', 120),
('CHANT3', 'HUMAIN', 100),
('CHANT3', 'NAIN', 120),
('CHANT3', 'ORC', 120),
('CHANT4', 'AMAI', 80),
('CHANT4', 'CHAPPY', 80),
('CHANT4', 'DEMI', 100),
('CHANT4', 'ELFE', 80),
('CHANT4', 'GNOLL', 120),
('CHANT4', 'GOBELIN', 120),
('CHANT4', 'HLEZARD', 120),
('CHANT4', 'HRAT', 120),
('CHANT4', 'HUMAIN', 100),
('CHANT4', 'NAIN', 120),
('CHANT4', 'ORC', 120),
('COMMER1', 'AMAI', 60),
('COMMER1', 'CHAPPY', 30),
('COMMER1', 'DEMI', 40),
('COMMER1', 'ELFE', 50),
('COMMER1', 'GNOLL', 60),
('COMMER1', 'GOBELIN', 40),
('COMMER1', 'HLEZARD', 60),
('COMMER1', 'HRAT', 30),
('COMMER1', 'HUMAIN', 40),
('COMMER1', 'NAIN', 50),
('COMMER1', 'ORC', 50),
('COMMER2', 'AMAI', 60),
('COMMER2', 'CHAPPY', 30),
('COMMER2', 'DEMI', 40),
('COMMER2', 'ELFE', 50),
('COMMER2', 'GNOLL', 60),
('COMMER2', 'GOBELIN', 40),
('COMMER2', 'HLEZARD', 60),
('COMMER2', 'HRAT', 30),
('COMMER2', 'HUMAIN', 40),
('COMMER2', 'NAIN', 50),
('COMMER2', 'ORC', 50),
('COMMER3', 'AMAI', 60),
('COMMER3', 'CHAPPY', 30),
('COMMER3', 'DEMI', 40),
('COMMER3', 'ELFE', 50),
('COMMER3', 'GNOLL', 60),
('COMMER3', 'GOBELIN', 40),
('COMMER3', 'HLEZARD', 60),
('COMMER3', 'HRAT', 30),
('COMMER3', 'HUMAIN', 40),
('COMMER3', 'NAIN', 50),
('COMMER3', 'ORC', 50),
('CONTACT', 'AMAI', 80),
('CONTACT', 'CHAPPY', 70),
('CONTACT', 'DEMI', 80),
('CONTACT', 'ELFE', 80),
('CONTACT', 'GNOLL', 90),
('CONTACT', 'GOBELIN', 80),
('CONTACT', 'HLEZARD', 80),
('CONTACT', 'HRAT', 70),
('CONTACT', 'HUMAIN', 80),
('CONTACT', 'NAIN', 80),
('CONTACT', 'ORC', 80),
('CONTACT1', 'AMAI', 80),
('CONTACT1', 'CHAPPY', 70),
('CONTACT1', 'DEMI', 80),
('CONTACT1', 'ELFE', 80),
('CONTACT1', 'GNOLL', 90),
('CONTACT1', 'GOBELIN', 80),
('CONTACT1', 'HLEZARD', 80),
('CONTACT1', 'HRAT', 70),
('CONTACT1', 'HUMAIN', 80),
('CONTACT1', 'NAIN', 80),
('CONTACT1', 'ORC', 80),
('CONTACT2', 'AMAI', 80),
('CONTACT2', 'CHAPPY', 70),
('CONTACT2', 'DEMI', 80),
('CONTACT2', 'ELFE', 80),
('CONTACT2', 'GNOLL', 90),
('CONTACT2', 'GOBELIN', 80),
('CONTACT2', 'HLEZARD', 80),
('CONTACT2', 'HRAT', 70),
('CONTACT2', 'HUMAIN', 80),
('CONTACT2', 'NAIN', 80),
('CONTACT2', 'ORC', 80),
('CONTACT3', 'AMAI', 80),
('CONTACT3', 'CHAPPY', 70),
('CONTACT3', 'DEMI', 80),
('CONTACT3', 'ELFE', 80),
('CONTACT3', 'GNOLL', 90),
('CONTACT3', 'GOBELIN', 80),
('CONTACT3', 'HLEZARD', 80),
('CONTACT3', 'HRAT', 70),
('CONTACT3', 'HUMAIN', 80),
('CONTACT3', 'NAIN', 80),
('CONTACT3', 'ORC', 80),
('CONTACT4', 'AMAI', 80),
('CONTACT4', 'CHAPPY', 70),
('CONTACT4', 'DEMI', 80),
('CONTACT4', 'ELFE', 80),
('CONTACT4', 'GNOLL', 90),
('CONTACT4', 'GOBELIN', 80),
('CONTACT4', 'HLEZARD', 80),
('CONTACT4', 'HRAT', 70),
('CONTACT4', 'HUMAIN', 80),
('CONTACT4', 'NAIN', 80),
('CONTACT4', 'ORC', 80),
('CONTACT5', 'AMAI', 80),
('CONTACT5', 'CHAPPY', 70),
('CONTACT5', 'DEMI', 80),
('CONTACT5', 'ELFE', 80),
('CONTACT5', 'GNOLL', 90),
('CONTACT5', 'GOBELIN', 80),
('CONTACT5', 'HLEZARD', 80),
('CONTACT5', 'HRAT', 70),
('CONTACT5', 'HUMAIN', 80),
('CONTACT5', 'NAIN', 80),
('CONTACT5', 'ORC', 80),
('COUCRIT', 'AMAI', 90),
('COUCRIT', 'CHAPPY', 110),
('COUCRIT', 'DEMI', 100),
('COUCRIT', 'ELFE', 90),
('COUCRIT', 'GNOLL', 90),
('COUCRIT', 'GOBELIN', 100),
('COUCRIT', 'HLEZARD', 90),
('COUCRIT', 'HRAT', 110),
('COUCRIT', 'HUMAIN', 100),
('COUCRIT', 'NAIN', 90),
('COUCRIT', 'ORC', 80),
('CTRLMV', 'AMAI', 20),
('CTRLMV', 'CHAPPY', 20),
('CTRLMV', 'DEMI', 20),
('CTRLMV', 'ELFE', 20),
('CTRLMV', 'GNOLL', 20),
('CTRLMV', 'GOBELIN', 20),
('CTRLMV', 'HLEZARD', 20),
('CTRLMV', 'HRAT', 20),
('CTRLMV', 'HUMAIN', 20),
('CTRLMV', 'NAIN', 20),
('CTRLMV', 'ORC', 20),
('DEGUISE', 'AMAI', 80),
('DEGUISE', 'CHAPPY', 60),
('DEGUISE', 'DEMI', 70),
('DEGUISE', 'ELFE', 80),
('DEGUISE', 'GNOLL', 80),
('DEGUISE', 'GOBELIN', 80),
('DEGUISE', 'HLEZARD', 80),
('DEGUISE', 'HRAT', 70),
('DEGUISE', 'HUMAIN', 70),
('DEGUISE', 'NAIN', 80),
('DEGUISE', 'ORC', 80),
('DIAGNOS', 'AMAI', 40),
('DIAGNOS', 'CHAPPY', 40),
('DIAGNOS', 'DEMI', 40),
('DIAGNOS', 'ELFE', 40),
('DIAGNOS', 'GNOLL', 40),
('DIAGNOS', 'GOBELIN', 40),
('DIAGNOS', 'HLEZARD', 40),
('DIAGNOS', 'HRAT', 40),
('DIAGNOS', 'HUMAIN', 40),
('DIAGNOS', 'NAIN', 40),
('DIAGNOS', 'ORC', 40),
('DIAGNOS1', 'AMAI', 40),
('DIAGNOS1', 'CHAPPY', 40),
('DIAGNOS1', 'DEMI', 40),
('DIAGNOS1', 'ELFE', 40),
('DIAGNOS1', 'GNOLL', 40),
('DIAGNOS1', 'GOBELIN', 40),
('DIAGNOS1', 'HLEZARD', 40),
('DIAGNOS1', 'HRAT', 40),
('DIAGNOS1', 'HUMAIN', 40),
('DIAGNOS1', 'NAIN', 40),
('DIAGNOS1', 'ORC', 40),
('DIAGNOS2', 'AMAI', 40),
('DIAGNOS2', 'CHAPPY', 40),
('DIAGNOS2', 'DEMI', 40),
('DIAGNOS2', 'ELFE', 40),
('DIAGNOS2', 'GNOLL', 40),
('DIAGNOS2', 'GOBELIN', 40),
('DIAGNOS2', 'HLEZARD', 40),
('DIAGNOS2', 'HRAT', 40),
('DIAGNOS2', 'HUMAIN', 40),
('DIAGNOS2', 'NAIN', 40),
('DIAGNOS2', 'ORC', 40),
('DIAGNOS3', 'AMAI', 40),
('DIAGNOS3', 'CHAPPY', 40),
('DIAGNOS3', 'DEMI', 40),
('DIAGNOS3', 'ELFE', 40),
('DIAGNOS3', 'GNOLL', 40),
('DIAGNOS3', 'GOBELIN', 40),
('DIAGNOS3', 'HLEZARD', 40),
('DIAGNOS3', 'HRAT', 40),
('DIAGNOS3', 'HUMAIN', 40),
('DIAGNOS3', 'NAIN', 40),
('DIAGNOS3', 'ORC', 40),
('EGORGE', 'AMAI', 100),
('EGORGE', 'CHAPPY', 125),
('EGORGE', 'DEMI', 125),
('EGORGE', 'ELFE', 100),
('EGORGE', 'GNOLL', 125),
('EGORGE', 'GOBELIN', 125),
('EGORGE', 'HLEZARD', 125),
('EGORGE', 'HRAT', 125),
('EGORGE', 'HUMAIN', 125),
('EGORGE', 'NAIN', 125),
('EGORGE', 'ORC', 150),
('ELMMAGA', 'AMAI', 25),
('ELMMAGA', 'DEMI', 25),
('ELMMAGA', 'ELFE', 25),
('ELMMAGA', 'GOBELIN', 25),
('ELMMAGA', 'HRAT', 25),
('ELMMAGA', 'HUMAIN', 25),
('ELMMAGA', 'NAIN', 25),
('ELMMAGA', 'ORC', 25),
('ELMMAGC', 'AMAI', 25),
('ELMMAGC', 'CHAPPY', 25),
('ELMMAGC', 'DEMI', 25),
('ELMMAGC', 'ELFE', 25),
('ELMMAGC', 'GNOLL', 25),
('ELMMAGC', 'GOBELIN', 25),
('ELMMAGC', 'HLEZARD', 25),
('ELMMAGC', 'HRAT', 25),
('ELMMAGC', 'HUMAIN', 25),
('ELMMAGC', 'NAIN', 25),
('ELMMAGC', 'ORC', 25),
('ENDURA1', 'AMAI', 60),
('ENDURA1', 'CHAPPY', 60),
('ENDURA1', 'DEMI', 50),
('ENDURA1', 'ELFE', 60),
('ENDURA1', 'GNOLL', 50),
('ENDURA1', 'GOBELIN', 60),
('ENDURA1', 'HLEZARD', 30),
('ENDURA1', 'HRAT', 60),
('ENDURA1', 'HUMAIN', 50),
('ENDURA1', 'NAIN', 30),
('ENDURA1', 'ORC', 30),
('ENDURA2', 'AMAI', 60),
('ENDURA2', 'CHAPPY', 60),
('ENDURA2', 'DEMI', 50),
('ENDURA2', 'ELFE', 60),
('ENDURA2', 'GNOLL', 50),
('ENDURA2', 'GOBELIN', 60),
('ENDURA2', 'HLEZARD', 30),
('ENDURA2', 'HRAT', 60),
('ENDURA2', 'HUMAIN', 50),
('ENDURA2', 'NAIN', 30),
('ENDURA2', 'ORC', 30),
('ENDURA3', 'AMAI', 60),
('ENDURA3', 'CHAPPY', 60),
('ENDURA3', 'DEMI', 50),
('ENDURA3', 'ELFE', 60),
('ENDURA3', 'GNOLL', 50),
('ENDURA3', 'GOBELIN', 60),
('ENDURA3', 'HLEZARD', 30),
('ENDURA3', 'HRAT', 60),
('ENDURA3', 'HUMAIN', 50),
('ENDURA3', 'NAIN', 30),
('ENDURA3', 'ORC', 30),
('ENGOURD', 'AMAI', 70),
('ENGOURD', 'CHAPPY', 90),
('ENGOURD', 'DEMI', 80),
('ENGOURD', 'ELFE', 70),
('ENGOURD', 'GOBELIN', 90),
('ENGOURD', 'HLEZARD', 70),
('ENGOURD', 'HRAT', 90),
('ENGOURD', 'HUMAIN', 80),
('ENGOURD', 'NAIN', 90),
('ENGOURD', 'ORC', 80),
('ENGOURD1', 'AMAI', 50),
('ENGOURD1', 'CHAPPY', 60),
('ENGOURD1', 'DEMI', 60),
('ENGOURD1', 'ELFE', 50),
('ENGOURD1', 'GNOLL', 50),
('ENGOURD1', 'GOBELIN', 70),
('ENGOURD1', 'HLEZARD', 50),
('ENGOURD1', 'HRAT', 60),
('ENGOURD1', 'HUMAIN', 60),
('ENGOURD1', 'NAIN', 70),
('ENGOURD1', 'ORC', 60),
('ENGOURD2', 'AMAI', 50),
('ENGOURD2', 'CHAPPY', 60),
('ENGOURD2', 'DEMI', 60),
('ENGOURD2', 'ELFE', 50),
('ENGOURD2', 'GNOLL', 50),
('ENGOURD2', 'GOBELIN', 70),
('ENGOURD2', 'HLEZARD', 50),
('ENGOURD2', 'HRAT', 60),
('ENGOURD2', 'HUMAIN', 60),
('ENGOURD2', 'NAIN', 70),
('ENGOURD2', 'ORC', 60),
('ENGOURD3', 'AMAI', 50),
('ENGOURD3', 'CHAPPY', 60),
('ENGOURD3', 'DEMI', 60),
('ENGOURD3', 'ELFE', 50),
('ENGOURD3', 'GNOLL', 50),
('ENGOURD3', 'GOBELIN', 70),
('ENGOURD3', 'HLEZARD', 50),
('ENGOURD3', 'HRAT', 60),
('ENGOURD3', 'HUMAIN', 60),
('ENGOURD3', 'NAIN', 70),
('ENGOURD3', 'ORC', 60),
('ESTFER1', 'AMAI', 50),
('ESTFER1', 'CHAPPY', 40),
('ESTFER1', 'DEMI', 50),
('ESTFER1', 'ELFE', 50),
('ESTFER1', 'GNOLL', 50),
('ESTFER1', 'GOBELIN', 40),
('ESTFER1', 'HLEZARD', 40),
('ESTFER1', 'HRAT', 30),
('ESTFER1', 'HUMAIN', 50),
('ESTFER1', 'NAIN', 40),
('ESTFER1', 'ORC', 30),
('ESTFER2', 'AMAI', 50),
('ESTFER2', 'CHAPPY', 40),
('ESTFER2', 'DEMI', 50),
('ESTFER2', 'ELFE', 50),
('ESTFER2', 'GNOLL', 50),
('ESTFER2', 'GOBELIN', 40),
('ESTFER2', 'HLEZARD', 40),
('ESTFER2', 'HRAT', 30),
('ESTFER2', 'HUMAIN', 50),
('ESTFER2', 'NAIN', 40),
('ESTFER2', 'ORC', 30),
('ETUDEARC1', 'AMAI', 50),
('ETUDEARC1', 'DEMI', 50),
('ETUDEARC1', 'ELFE', 50),
('ETUDEARC1', 'GOBELIN', 50),
('ETUDEARC1', 'HRAT', 50),
('ETUDEARC1', 'HUMAIN', 50),
('ETUDEARC1', 'NAIN', 50),
('ETUDEARC1', 'ORC', 50),
('ETUDEARC2', 'AMAI', 50),
('ETUDEARC2', 'DEMI', 50),
('ETUDEARC2', 'ELFE', 50),
('ETUDEARC2', 'GOBELIN', 50),
('ETUDEARC2', 'HRAT', 50),
('ETUDEARC2', 'HUMAIN', 50),
('ETUDEARC2', 'NAIN', 50),
('ETUDEARC2', 'ORC', 50),
('ETUDEARC3', 'AMAI', 50),
('ETUDEARC3', 'DEMI', 50),
('ETUDEARC3', 'ELFE', 50),
('ETUDEARC3', 'GOBELIN', 50),
('ETUDEARC3', 'HRAT', 50),
('ETUDEARC3', 'HUMAIN', 50),
('ETUDEARC3', 'NAIN', 50),
('ETUDEARC3', 'ORC', 50),
('ETUDEARC4', 'AMAI', 50),
('ETUDEARC4', 'DEMI', 50),
('ETUDEARC4', 'ELFE', 50),
('ETUDEARC4', 'GOBELIN', 50),
('ETUDEARC4', 'HRAT', 50),
('ETUDEARC4', 'HUMAIN', 50),
('ETUDEARC4', 'NAIN', 50),
('ETUDEARC4', 'ORC', 50),
('ETUDEARC5', 'AMAI', 50),
('ETUDEARC5', 'DEMI', 50),
('ETUDEARC5', 'ELFE', 50),
('ETUDEARC5', 'GOBELIN', 50),
('ETUDEARC5', 'HRAT', 50),
('ETUDEARC5', 'HUMAIN', 50),
('ETUDEARC5', 'NAIN', 50),
('ETUDEARC5', 'ORC', 50),
('ETUDEREL1', 'AMAI', 50),
('ETUDEREL1', 'CHAPPY', 50),
('ETUDEREL1', 'DEMI', 50),
('ETUDEREL1', 'ELFE', 50),
('ETUDEREL1', 'GNOLL', 50),
('ETUDEREL1', 'GOBELIN', 50),
('ETUDEREL1', 'HLEZARD', 50),
('ETUDEREL1', 'HRAT', 50),
('ETUDEREL1', 'HUMAIN', 50),
('ETUDEREL1', 'NAIN', 50),
('ETUDEREL1', 'ORC', 50),
('ETUDEREL2', 'AMAI', 50),
('ETUDEREL2', 'CHAPPY', 50),
('ETUDEREL2', 'DEMI', 50),
('ETUDEREL2', 'ELFE', 50),
('ETUDEREL2', 'GNOLL', 50),
('ETUDEREL2', 'GOBELIN', 50),
('ETUDEREL2', 'HLEZARD', 50),
('ETUDEREL2', 'HRAT', 50),
('ETUDEREL2', 'HUMAIN', 50),
('ETUDEREL2', 'NAIN', 50),
('ETUDEREL2', 'ORC', 50),
('ETUDEREL3', 'AMAI', 50),
('ETUDEREL3', 'CHAPPY', 50),
('ETUDEREL3', 'DEMI', 50),
('ETUDEREL3', 'ELFE', 50),
('ETUDEREL3', 'GNOLL', 50),
('ETUDEREL3', 'GOBELIN', 50),
('ETUDEREL3', 'HLEZARD', 50),
('ETUDEREL3', 'HRAT', 50),
('ETUDEREL3', 'HUMAIN', 50),
('ETUDEREL3', 'NAIN', 50),
('ETUDEREL3', 'ORC', 50),
('ETUDEREL4', 'AMAI', 50),
('ETUDEREL4', 'CHAPPY', 50),
('ETUDEREL4', 'DEMI', 50),
('ETUDEREL4', 'ELFE', 50),
('ETUDEREL4', 'GNOLL', 50),
('ETUDEREL4', 'GOBELIN', 50),
('ETUDEREL4', 'HLEZARD', 50),
('ETUDEREL4', 'HRAT', 50),
('ETUDEREL4', 'HUMAIN', 50),
('ETUDEREL4', 'NAIN', 50),
('ETUDEREL4', 'ORC', 50),
('ETUDEREL5', 'AMAI', 50),
('ETUDEREL5', 'CHAPPY', 50),
('ETUDEREL5', 'DEMI', 50),
('ETUDEREL5', 'ELFE', 50),
('ETUDEREL5', 'GNOLL', 50),
('ETUDEREL5', 'GOBELIN', 50),
('ETUDEREL5', 'HLEZARD', 50),
('ETUDEREL5', 'HRAT', 50),
('ETUDEREL5', 'HUMAIN', 50),
('ETUDEREL5', 'NAIN', 50),
('ETUDEREL5', 'ORC', 50),
('FORGE1', 'AMAI', 60),
('FORGE1', 'CHAPPY', 70),
('FORGE1', 'DEMI', 60),
('FORGE1', 'ELFE', 60),
('FORGE1', 'GNOLL', 70),
('FORGE1', 'GOBELIN', 60),
('FORGE1', 'HLEZARD', 60),
('FORGE1', 'HRAT', 70),
('FORGE1', 'HUMAIN', 60),
('FORGE1', 'NAIN', 40),
('FORGE1', 'ORC', 60),
('FORGE2', 'AMAI', 60),
('FORGE2', 'CHAPPY', 70),
('FORGE2', 'DEMI', 60),
('FORGE2', 'ELFE', 60),
('FORGE2', 'GNOLL', 70),
('FORGE2', 'GOBELIN', 60),
('FORGE2', 'HLEZARD', 60),
('FORGE2', 'HRAT', 70),
('FORGE2', 'HUMAIN', 60),
('FORGE2', 'NAIN', 40),
('FORGE2', 'ORC', 60),
('FORGE3', 'AMAI', 60),
('FORGE3', 'CHAPPY', 70),
('FORGE3', 'DEMI', 60),
('FORGE3', 'ELFE', 60),
('FORGE3', 'GNOLL', 70),
('FORGE3', 'GOBELIN', 60),
('FORGE3', 'HLEZARD', 60),
('FORGE3', 'HRAT', 70),
('FORGE3', 'HUMAIN', 60),
('FORGE3', 'NAIN', 40),
('FORGE3', 'ORC', 60),
('FORGE4', 'AMAI', 60),
('FORGE4', 'CHAPPY', 70),
('FORGE4', 'DEMI', 60),
('FORGE4', 'ELFE', 60),
('FORGE4', 'GNOLL', 70),
('FORGE4', 'GOBELIN', 60),
('FORGE4', 'HLEZARD', 60),
('FORGE4', 'HRAT', 70),
('FORGE4', 'HUMAIN', 60),
('FORGE4', 'NAIN', 40),
('FORGE4', 'ORC', 60),
('FORGE5', 'AMAI', 60),
('FORGE5', 'CHAPPY', 70),
('FORGE5', 'DEMI', 60),
('FORGE5', 'ELFE', 60),
('FORGE5', 'GNOLL', 70),
('FORGE5', 'GOBELIN', 60),
('FORGE5', 'HLEZARD', 60),
('FORGE5', 'HRAT', 70),
('FORGE5', 'HUMAIN', 60),
('FORGE5', 'NAIN', 40),
('FORGE5', 'ORC', 60),
('FUITE1', 'AMAI', 80),
('FUITE1', 'CHAPPY', 60),
('FUITE1', 'DEMI', 80),
('FUITE1', 'ELFE', 80),
('FUITE1', 'GNOLL', 80),
('FUITE1', 'GOBELIN', 60),
('FUITE1', 'HLEZARD', 80),
('FUITE1', 'HRAT', 60),
('FUITE1', 'HUMAIN', 80),
('FUITE1', 'NAIN', 90),
('FUITE1', 'ORC', 90),
('FUITE2', 'AMAI', 80),
('FUITE2', 'CHAPPY', 60),
('FUITE2', 'DEMI', 80),
('FUITE2', 'ELFE', 80),
('FUITE2', 'GNOLL', 80),
('FUITE2', 'GOBELIN', 60),
('FUITE2', 'HLEZARD', 80),
('FUITE2', 'HRAT', 60),
('FUITE2', 'HUMAIN', 80),
('FUITE2', 'NAIN', 90),
('FUITE2', 'ORC', 90),
('FUITE3', 'AMAI', 80),
('FUITE3', 'CHAPPY', 60),
('FUITE3', 'DEMI', 80),
('FUITE3', 'ELFE', 80),
('FUITE3', 'GNOLL', 80),
('FUITE3', 'GOBELIN', 60),
('FUITE3', 'HLEZARD', 80),
('FUITE3', 'HRAT', 60),
('FUITE3', 'HUMAIN', 80),
('FUITE3', 'NAIN', 90),
('FUITE3', 'ORC', 90),
('FUITE4', 'AMAI', 80),
('FUITE4', 'CHAPPY', 60),
('FUITE4', 'DEMI', 80),
('FUITE4', 'ELFE', 80),
('FUITE4', 'GNOLL', 80),
('FUITE4', 'GOBELIN', 60),
('FUITE4', 'HLEZARD', 80),
('FUITE4', 'HRAT', 60),
('FUITE4', 'HUMAIN', 80),
('FUITE4', 'NAIN', 90),
('FUITE4', 'ORC', 90),
('FUITE5', 'AMAI', 80),
('FUITE5', 'CHAPPY', 60),
('FUITE5', 'DEMI', 80),
('FUITE5', 'ELFE', 80),
('FUITE5', 'GNOLL', 80),
('FUITE5', 'GOBELIN', 60),
('FUITE5', 'HLEZARD', 80),
('FUITE5', 'HRAT', 60),
('FUITE5', 'HUMAIN', 80),
('FUITE5', 'NAIN', 90),
('FUITE5', 'ORC', 90),
('GRANDM', 'AMAI', 50),
('GRANDM', 'CHAPPY', 40),
('GRANDM', 'DEMI', 30),
('GRANDM', 'ELFE', 40),
('GRANDM', 'GNOLL', 40),
('GRANDM', 'GOBELIN', 50),
('GRANDM', 'HLEZARD', 40),
('GRANDM', 'HRAT', 40),
('GRANDM', 'HUMAIN', 30),
('GRANDM', 'NAIN', 50),
('GRANDM', 'ORC', 50),
('GUERISO', 'AMAI', 90),
('GUERISO', 'CHAPPY', 75),
('GUERISO', 'DEMI', 75),
('GUERISO', 'ELFE', 60),
('GUERISO', 'GNOLL', 75),
('GUERISO', 'GOBELIN', 75),
('GUERISO', 'HLEZARD', 60),
('GUERISO', 'HRAT', 90),
('GUERISO', 'HUMAIN', 75),
('GUERISO', 'NAIN', 75),
('GUERISO', 'ORC', 75),
('GUERISON1', 'AMAI', 90),
('GUERISON1', 'CHAPPY', 75),
('GUERISON1', 'DEMI', 75),
('GUERISON1', 'ELFE', 60),
('GUERISON1', 'GNOLL', 75),
('GUERISON1', 'GOBELIN', 75),
('GUERISON1', 'HLEZARD', 60),
('GUERISON1', 'HRAT', 90),
('GUERISON1', 'HUMAIN', 75),
('GUERISON1', 'NAIN', 75),
('GUERISON1', 'ORC', 75),
('GUERISON2', 'AMAI', 90),
('GUERISON2', 'CHAPPY', 75),
('GUERISON2', 'DEMI', 75),
('GUERISON2', 'ELFE', 60),
('GUERISON2', 'GNOLL', 75),
('GUERISON2', 'GOBELIN', 75),
('GUERISON2', 'HLEZARD', 60),
('GUERISON2', 'HRAT', 90),
('GUERISON2', 'HUMAIN', 75),
('GUERISON2', 'NAIN', 75),
('GUERISON2', 'ORC', 75),
('GUERISON3', 'AMAI', 90),
('GUERISON3', 'CHAPPY', 75),
('GUERISON3', 'DEMI', 75),
('GUERISON3', 'ELFE', 60),
('GUERISON3', 'GNOLL', 75),
('GUERISON3', 'GOBELIN', 75),
('GUERISON3', 'HLEZARD', 60),
('GUERISON3', 'HRAT', 90),
('GUERISON3', 'HUMAIN', 75),
('GUERISON3', 'NAIN', 75),
('GUERISON3', 'ORC', 75),
('GUERISON4', 'AMAI', 90),
('GUERISON4', 'CHAPPY', 75),
('GUERISON4', 'DEMI', 75),
('GUERISON4', 'ELFE', 60),
('GUERISON4', 'GNOLL', 75),
('GUERISON4', 'GOBELIN', 75),
('GUERISON4', 'HLEZARD', 60),
('GUERISON4', 'HRAT', 90),
('GUERISON4', 'HUMAIN', 75),
('GUERISON4', 'NAIN', 75),
('GUERISON4', 'ORC', 75),
('GUERISON5', 'AMAI', 90),
('GUERISON5', 'CHAPPY', 75),
('GUERISON5', 'DEMI', 75),
('GUERISON5', 'ELFE', 60),
('GUERISON5', 'GNOLL', 75),
('GUERISON5', 'GOBELIN', 75),
('GUERISON5', 'HLEZARD', 60),
('GUERISON5', 'HRAT', 90),
('GUERISON5', 'HUMAIN', 75),
('GUERISON5', 'NAIN', 75),
('GUERISON5', 'ORC', 75),
('HERBO1', 'AMAI', 75),
('HERBO1', 'CHAPPY', 60),
('HERBO1', 'DEMI', 60),
('HERBO1', 'ELFE', 45),
('HERBO1', 'GNOLL', 45),
('HERBO1', 'GOBELIN', 60),
('HERBO1', 'HLEZARD', 45),
('HERBO1', 'HRAT', 45),
('HERBO1', 'HUMAIN', 60),
('HERBO1', 'NAIN', 75),
('HERBO1', 'ORC', 60),
('HERBO2', 'AMAI', 75),
('HERBO2', 'CHAPPY', 60),
('HERBO2', 'DEMI', 60),
('HERBO2', 'ELFE', 45),
('HERBO2', 'GNOLL', 45),
('HERBO2', 'GOBELIN', 60),
('HERBO2', 'HLEZARD', 45),
('HERBO2', 'HRAT', 45),
('HERBO2', 'HUMAIN', 60),
('HERBO2', 'NAIN', 75),
('HERBO2', 'ORC', 60),
('HERBO3', 'AMAI', 75),
('HERBO3', 'CHAPPY', 60),
('HERBO3', 'DEMI', 60),
('HERBO3', 'ELFE', 45),
('HERBO3', 'GNOLL', 45),
('HERBO3', 'GOBELIN', 60),
('HERBO3', 'HLEZARD', 45),
('HERBO3', 'HRAT', 45),
('HERBO3', 'HUMAIN', 60),
('HERBO3', 'NAIN', 75),
('HERBO3', 'ORC', 60),
('HMAGIA', 'AMAI', 50),
('HMAGIA', 'DEMI', 50),
('HMAGIA', 'ELFE', 50),
('HMAGIA', 'GOBELIN', 50),
('HMAGIA', 'HRAT', 50),
('HMAGIA', 'HUMAIN', 50),
('HMAGIA', 'NAIN', 50),
('HMAGIA', 'ORC', 50),
('HMAGIC', 'AMAI', 50),
('HMAGIC', 'CHAPPY', 50),
('HMAGIC', 'DEMI', 50),
('HMAGIC', 'ELFE', 50),
('HMAGIC', 'GOBELIN', 50),
('HMAGIC', 'HLEZARD', 50),
('HMAGIC', 'HRAT', 50),
('HMAGIC', 'HUMAIN', 50),
('HMAGIC', 'NAIN', 50),
('HMAGIC', 'ORC', 50),
('IDSECRET1', 'AMAI', 80),
('IDSECRET1', 'CHAPPY', 60),
('IDSECRET1', 'DEMI', 70),
('IDSECRET1', 'ELFE', 80),
('IDSECRET1', 'GNOLL', 80),
('IDSECRET1', 'GOBELIN', 80),
('IDSECRET1', 'HLEZARD', 80),
('IDSECRET1', 'HRAT', 70),
('IDSECRET1', 'HUMAIN', 70),
('IDSECRET1', 'NAIN', 80),
('IDSECRET1', 'ORC', 80),
('IDSECRET2', 'AMAI', 80),
('IDSECRET2', 'CHAPPY', 60),
('IDSECRET2', 'DEMI', 70),
('IDSECRET2', 'ELFE', 80),
('IDSECRET2', 'GNOLL', 80),
('IDSECRET2', 'GOBELIN', 80),
('IDSECRET2', 'HLEZARD', 80),
('IDSECRET2', 'HRAT', 70),
('IDSECRET2', 'HUMAIN', 70),
('IDSECRET2', 'NAIN', 80),
('IDSECRET2', 'ORC', 80),
('IDSECRET3', 'AMAI', 80),
('IDSECRET3', 'CHAPPY', 60),
('IDSECRET3', 'DEMI', 70),
('IDSECRET3', 'ELFE', 80),
('IDSECRET3', 'GNOLL', 80),
('IDSECRET3', 'GOBELIN', 80),
('IDSECRET3', 'HLEZARD', 80),
('IDSECRET3', 'HRAT', 70),
('IDSECRET3', 'HUMAIN', 70),
('IDSECRET3', 'NAIN', 80),
('IDSECRET3', 'ORC', 80),
('IDSECRET4', 'AMAI', 80),
('IDSECRET4', 'CHAPPY', 60),
('IDSECRET4', 'DEMI', 70),
('IDSECRET4', 'ELFE', 80),
('IDSECRET4', 'GNOLL', 80),
('IDSECRET4', 'GOBELIN', 80),
('IDSECRET4', 'HLEZARD', 80),
('IDSECRET4', 'HRAT', 70),
('IDSECRET4', 'HUMAIN', 70),
('IDSECRET4', 'NAIN', 80),
('IDSECRET4', 'ORC', 80),
('IDSECRET5', 'AMAI', 80),
('IDSECRET5', 'CHAPPY', 60),
('IDSECRET5', 'DEMI', 70),
('IDSECRET5', 'ELFE', 80),
('IDSECRET5', 'GNOLL', 80),
('IDSECRET5', 'GOBELIN', 80),
('IDSECRET5', 'HLEZARD', 80),
('IDSECRET5', 'HRAT', 70),
('IDSECRET5', 'HUMAIN', 70),
('IDSECRET5', 'NAIN', 80),
('IDSECRET5', 'ORC', 80),
('INGENI1', 'AMAI', 50),
('INGENI1', 'CHAPPY', 50),
('INGENI1', 'DEMI', 50),
('INGENI1', 'ELFE', 50),
('INGENI1', 'GNOLL', 60),
('INGENI1', 'GOBELIN', 40),
('INGENI1', 'HRAT', 60),
('INGENI1', 'HUMAIN', 50),
('INGENI1', 'NAIN', 30),
('INGENI1', 'ORC', 60),
('INGENI2', 'AMAI', 50),
('INGENI2', 'CHAPPY', 50),
('INGENI2', 'DEMI', 50),
('INGENI2', 'ELFE', 50),
('INGENI2', 'GNOLL', 60),
('INGENI2', 'GOBELIN', 40),
('INGENI2', 'HRAT', 60),
('INGENI2', 'HUMAIN', 50),
('INGENI2', 'NAIN', 30),
('INGENI2', 'ORC', 60),
('LANGARC', 'AMAI', 15),
('LANGARC', 'DEMI', 20),
('LANGARC', 'ELFE', 15),
('LANGARC', 'GOBELIN', 20),
('LANGARC', 'HRAT', 30),
('LANGARC', 'HUMAIN', 20),
('LANGARC', 'NAIN', 30),
('LANGARC', 'ORC', 30),
('LANGOBS', 'AMAI', 25),
('LANGOBS', 'DEMI', 30),
('LANGOBS', 'ELFE', 25),
('LANGOBS', 'GOBELIN', 30),
('LANGOBS', 'HRAT', 30),
('LANGOBS', 'HUMAIN', 30),
('LANGOBS', 'NAIN', 40),
('LANGOBS', 'ORC', 40),
('LANGUE1', 'AMAI', 25),
('LANGUE1', 'CHAPPY', 40),
('LANGUE1', 'DEMI', 30),
('LANGUE1', 'ELFE', 25),
('LANGUE1', 'GOBELIN', 30),
('LANGUE1', 'HRAT', 30),
('LANGUE1', 'HUMAIN', 30),
('LANGUE1', 'NAIN', 40),
('LANGUE1', 'ORC', 40),
('LANGUE2', 'AMAI', 25),
('LANGUE2', 'CHAPPY', 40),
('LANGUE2', 'DEMI', 30),
('LANGUE2', 'ELFE', 25),
('LANGUE2', 'GOBELIN', 30),
('LANGUE2', 'HRAT', 30),
('LANGUE2', 'HUMAIN', 30),
('LANGUE2', 'NAIN', 40),
('LANGUE2', 'ORC', 40),
('LANGUE3', 'AMAI', 25),
('LANGUE3', 'CHAPPY', 40),
('LANGUE3', 'DEMI', 30),
('LANGUE3', 'ELFE', 25),
('LANGUE3', 'GOBELIN', 30),
('LANGUE3', 'HRAT', 30),
('LANGUE3', 'HUMAIN', 30),
('LANGUE3', 'NAIN', 40),
('LANGUE3', 'ORC', 40),
('LANGUE4', 'AMAI', 25),
('LANGUE4', 'CHAPPY', 40),
('LANGUE4', 'DEMI', 30),
('LANGUE4', 'ELFE', 25),
('LANGUE4', 'GOBELIN', 30),
('LANGUE4', 'HRAT', 30),
('LANGUE4', 'HUMAIN', 30),
('LANGUE4', 'NAIN', 40),
('LANGUE4', 'ORC', 40),
('LANGUE5', 'AMAI', 25),
('LANGUE5', 'CHAPPY', 40),
('LANGUE5', 'DEMI', 30),
('LANGUE5', 'ELFE', 25),
('LANGUE5', 'GOBELIN', 30),
('LANGUE5', 'HRAT', 0),
('LANGUE5', 'HUMAIN', 30),
('LANGUE5', 'NAIN', 40),
('LANGUE5', 'ORC', 40),
('LIENCOM1', 'AMAI', 40),
('LIENCOM1', 'CHAPPY', 40),
('LIENCOM1', 'DEMI', 30),
('LIENCOM1', 'ELFE', 30),
('LIENCOM1', 'GNOLL', 30),
('LIENCOM1', 'GOBELIN', 30),
('LIENCOM1', 'HLEZARD', 40),
('LIENCOM1', 'HRAT', 25),
('LIENCOM1', 'HUMAIN', 30),
('LIENCOM1', 'NAIN', 25),
('LIENCOM1', 'ORC', 30),
('LIENCOM2', 'AMAI', 40),
('LIENCOM2', 'CHAPPY', 40),
('LIENCOM2', 'DEMI', 30),
('LIENCOM2', 'ELFE', 30),
('LIENCOM2', 'GNOLL', 30),
('LIENCOM2', 'GOBELIN', 30),
('LIENCOM2', 'HLEZARD', 40),
('LIENCOM2', 'HRAT', 25),
('LIENCOM2', 'HUMAIN', 30),
('LIENCOM2', 'NAIN', 25),
('LIENCOM2', 'ORC', 30),
('LIENCOM3', 'AMAI', 40),
('LIENCOM3', 'CHAPPY', 40),
('LIENCOM3', 'DEMI', 30),
('LIENCOM3', 'ELFE', 30),
('LIENCOM3', 'GNOLL', 30),
('LIENCOM3', 'GOBELIN', 30),
('LIENCOM3', 'HLEZARD', 40),
('LIENCOM3', 'HRAT', 25),
('LIENCOM3', 'HUMAIN', 30),
('LIENCOM3', 'NAIN', 25),
('LIENCOM3', 'ORC', 30),
('MAGDEC', 'AMAI', 50),
('MAGDEC', 'CHAPPY', 30),
('MAGDEC', 'DEMI', 50),
('MAGDEC', 'ELFE', 50),
('MAGDEC', 'GNOLL', 50),
('MAGDEC', 'GOBELIN', 40),
('MAGDEC', 'HLEZARD', 60),
('MAGDEC', 'HRAT', 40),
('MAGDEC', 'HUMAIN', 50),
('MAGDEC', 'NAIN', 50),
('MAGDEC', 'ORC', 50),
('MAGIA1', 'AMAI', 45),
('MAGIA1', 'DEMI', 50),
('MAGIA1', 'ELFE', 45),
('MAGIA1', 'GOBELIN', 50),
('MAGIA1', 'HRAT', 60),
('MAGIA1', 'HUMAIN', 50),
('MAGIA1', 'NAIN', 60),
('MAGIA1', 'ORC', 60),
('MAGIA10', 'AMAI', 45),
('MAGIA10', 'DEMI', 50),
('MAGIA10', 'ELFE', 45),
('MAGIA10', 'GOBELIN', 50),
('MAGIA10', 'HRAT', 60),
('MAGIA10', 'HUMAIN', 50),
('MAGIA10', 'NAIN', 60),
('MAGIA10', 'ORC', 60),
('MAGIA2', 'AMAI', 45),
('MAGIA2', 'DEMI', 50),
('MAGIA2', 'ELFE', 45),
('MAGIA2', 'GOBELIN', 50),
('MAGIA2', 'HRAT', 60),
('MAGIA2', 'HUMAIN', 50),
('MAGIA2', 'NAIN', 60),
('MAGIA2', 'ORC', 60),
('MAGIA3', 'AMAI', 45),
('MAGIA3', 'DEMI', 50),
('MAGIA3', 'ELFE', 45),
('MAGIA3', 'GOBELIN', 50),
('MAGIA3', 'HRAT', 60),
('MAGIA3', 'HUMAIN', 50),
('MAGIA3', 'NAIN', 60),
('MAGIA3', 'ORC', 60),
('MAGIA4', 'AMAI', 45),
('MAGIA4', 'DEMI', 50),
('MAGIA4', 'ELFE', 45),
('MAGIA4', 'GOBELIN', 50),
('MAGIA4', 'HRAT', 60),
('MAGIA4', 'HUMAIN', 50),
('MAGIA4', 'NAIN', 60),
('MAGIA4', 'ORC', 60),
('MAGIA5', 'AMAI', 45),
('MAGIA5', 'DEMI', 50),
('MAGIA5', 'ELFE', 45),
('MAGIA5', 'GOBELIN', 50),
('MAGIA5', 'HRAT', 60),
('MAGIA5', 'HUMAIN', 50),
('MAGIA5', 'NAIN', 60),
('MAGIA5', 'ORC', 60),
('MAGIA6', 'AMAI', 45),
('MAGIA6', 'DEMI', 50),
('MAGIA6', 'ELFE', 45),
('MAGIA6', 'GOBELIN', 50),
('MAGIA6', 'HRAT', 60),
('MAGIA6', 'HUMAIN', 50),
('MAGIA6', 'NAIN', 60),
('MAGIA6', 'ORC', 60),
('MAGIA7', 'AMAI', 45),
('MAGIA7', 'DEMI', 50),
('MAGIA7', 'ELFE', 45),
('MAGIA7', 'GOBELIN', 50),
('MAGIA7', 'HRAT', 60),
('MAGIA7', 'HUMAIN', 50),
('MAGIA7', 'NAIN', 60),
('MAGIA7', 'ORC', 60),
('MAGIA8', 'AMAI', 45),
('MAGIA8', 'DEMI', 50),
('MAGIA8', 'ELFE', 45),
('MAGIA8', 'GOBELIN', 50),
('MAGIA8', 'HRAT', 60),
('MAGIA8', 'HUMAIN', 50),
('MAGIA8', 'NAIN', 60),
('MAGIA8', 'ORC', 60),
('MAGIA9', 'AMAI', 45),
('MAGIA9', 'DEMI', 50),
('MAGIA9', 'ELFE', 45),
('MAGIA9', 'GOBELIN', 50),
('MAGIA9', 'HRAT', 60),
('MAGIA9', 'HUMAIN', 50),
('MAGIA9', 'NAIN', 60),
('MAGIA9', 'ORC', 60),
('MAGIC1', 'AMAI', 50),
('MAGIC1', 'CHAPPY', 40),
('MAGIC1', 'DEMI', 50),
('MAGIC1', 'ELFE', 50),
('MAGIC1', 'GNOLL', 70),
('MAGIC1', 'GOBELIN', 50),
('MAGIC1', 'HLEZARD', 50),
('MAGIC1', 'HRAT', 60),
('MAGIC1', 'HUMAIN', 50),
('MAGIC1', 'NAIN', 50),
('MAGIC1', 'ORC', 50),
('MAGIC10', 'AMAI', 50),
('MAGIC10', 'CHAPPY', 40),
('MAGIC10', 'DEMI', 50),
('MAGIC10', 'ELFE', 50),
('MAGIC10', 'GNOLL', 70),
('MAGIC10', 'GOBELIN', 50),
('MAGIC10', 'HLEZARD', 50),
('MAGIC10', 'HRAT', 60),
('MAGIC10', 'HUMAIN', 50),
('MAGIC10', 'NAIN', 50),
('MAGIC10', 'ORC', 50),
('MAGIC2', 'AMAI', 50),
('MAGIC2', 'CHAPPY', 40),
('MAGIC2', 'DEMI', 50),
('MAGIC2', 'ELFE', 50),
('MAGIC2', 'GNOLL', 70),
('MAGIC2', 'GOBELIN', 50),
('MAGIC2', 'HLEZARD', 50),
('MAGIC2', 'HRAT', 60),
('MAGIC2', 'HUMAIN', 50),
('MAGIC2', 'NAIN', 50),
('MAGIC2', 'ORC', 50),
('MAGIC3', 'AMAI', 50),
('MAGIC3', 'CHAPPY', 40),
('MAGIC3', 'DEMI', 50),
('MAGIC3', 'ELFE', 50),
('MAGIC3', 'GNOLL', 70),
('MAGIC3', 'GOBELIN', 50),
('MAGIC3', 'HLEZARD', 50),
('MAGIC3', 'HRAT', 60),
('MAGIC3', 'HUMAIN', 50),
('MAGIC3', 'NAIN', 50),
('MAGIC3', 'ORC', 50),
('MAGIC4', 'AMAI', 50),
('MAGIC4', 'CHAPPY', 40),
('MAGIC4', 'DEMI', 50),
('MAGIC4', 'ELFE', 50),
('MAGIC4', 'GNOLL', 70),
('MAGIC4', 'GOBELIN', 50),
('MAGIC4', 'HLEZARD', 50),
('MAGIC4', 'HRAT', 60),
('MAGIC4', 'HUMAIN', 50),
('MAGIC4', 'NAIN', 50),
('MAGIC4', 'ORC', 50),
('MAGIC5', 'AMAI', 50),
('MAGIC5', 'CHAPPY', 40),
('MAGIC5', 'DEMI', 50),
('MAGIC5', 'ELFE', 50),
('MAGIC5', 'GNOLL', 70),
('MAGIC5', 'GOBELIN', 50),
('MAGIC5', 'HLEZARD', 50),
('MAGIC5', 'HRAT', 60),
('MAGIC5', 'HUMAIN', 50),
('MAGIC5', 'NAIN', 50),
('MAGIC5', 'ORC', 50),
('MAGIC6', 'AMAI', 50),
('MAGIC6', 'CHAPPY', 40),
('MAGIC6', 'DEMI', 50),
('MAGIC6', 'ELFE', 50),
('MAGIC6', 'GNOLL', 70),
('MAGIC6', 'GOBELIN', 50),
('MAGIC6', 'HLEZARD', 50),
('MAGIC6', 'HRAT', 60),
('MAGIC6', 'HUMAIN', 50),
('MAGIC6', 'NAIN', 50),
('MAGIC6', 'ORC', 50),
('MAGIC7', 'AMAI', 50),
('MAGIC7', 'CHAPPY', 40),
('MAGIC7', 'DEMI', 50),
('MAGIC7', 'ELFE', 50),
('MAGIC7', 'GNOLL', 70),
('MAGIC7', 'GOBELIN', 50),
('MAGIC7', 'HLEZARD', 50),
('MAGIC7', 'HRAT', 60),
('MAGIC7', 'HUMAIN', 50),
('MAGIC7', 'NAIN', 50),
('MAGIC7', 'ORC', 50),
('MAGIC8', 'AMAI', 50),
('MAGIC8', 'CHAPPY', 40),
('MAGIC8', 'DEMI', 50),
('MAGIC8', 'ELFE', 50),
('MAGIC8', 'GNOLL', 70),
('MAGIC8', 'GOBELIN', 50),
('MAGIC8', 'HLEZARD', 50),
('MAGIC8', 'HRAT', 60),
('MAGIC8', 'HUMAIN', 50),
('MAGIC8', 'NAIN', 50),
('MAGIC8', 'ORC', 50),
('MAGIC9', 'AMAI', 50),
('MAGIC9', 'CHAPPY', 40),
('MAGIC9', 'DEMI', 50),
('MAGIC9', 'ELFE', 50),
('MAGIC9', 'GNOLL', 70),
('MAGIC9', 'GOBELIN', 50),
('MAGIC9', 'HLEZARD', 50),
('MAGIC9', 'HRAT', 60),
('MAGIC9', 'HUMAIN', 50),
('MAGIC9', 'NAIN', 50),
('MAGIC9', 'ORC', 50),
('MAGIM1', 'AMAI', 50),
('MAGIM1', 'DEMI', 50),
('MAGIM1', 'ELFE', 50),
('MAGIM1', 'HUMAIN', 50),
('MAGIM1', 'NAIN', 50),
('MAGIM1', 'ORC', 50),
('MAGIM10', 'AMAI', 50),
('MAGIM10', 'DEMI', 50),
('MAGIM10', 'ELFE', 50),
('MAGIM10', 'HUMAIN', 50),
('MAGIM10', 'NAIN', 50),
('MAGIM10', 'ORC', 50),
('MAGIM2', 'AMAI', 50),
('MAGIM2', 'DEMI', 50),
('MAGIM2', 'ELFE', 50),
('MAGIM2', 'HUMAIN', 50),
('MAGIM2', 'NAIN', 50),
('MAGIM2', 'ORC', 50),
('MAGIM3', 'AMAI', 50),
('MAGIM3', 'DEMI', 50),
('MAGIM3', 'ELFE', 50),
('MAGIM3', 'HUMAIN', 50),
('MAGIM3', 'NAIN', 50),
('MAGIM3', 'ORC', 50),
('MAGIM4', 'AMAI', 50),
('MAGIM4', 'DEMI', 50),
('MAGIM4', 'ELFE', 50),
('MAGIM4', 'HUMAIN', 50),
('MAGIM4', 'NAIN', 50),
('MAGIM4', 'ORC', 50),
('MAGIM5', 'AMAI', 50),
('MAGIM5', 'DEMI', 50),
('MAGIM5', 'ELFE', 50),
('MAGIM5', 'HUMAIN', 50),
('MAGIM5', 'NAIN', 50),
('MAGIM5', 'ORC', 50),
('MAGIM6', 'AMAI', 50),
('MAGIM6', 'DEMI', 50),
('MAGIM6', 'ELFE', 50),
('MAGIM6', 'HUMAIN', 50),
('MAGIM6', 'NAIN', 50),
('MAGIM6', 'ORC', 50),
('MAGIM7', 'AMAI', 50),
('MAGIM7', 'DEMI', 50),
('MAGIM7', 'ELFE', 50),
('MAGIM7', 'HUMAIN', 50),
('MAGIM7', 'NAIN', 50),
('MAGIM7', 'ORC', 50),
('MAGIM8', 'AMAI', 50),
('MAGIM8', 'DEMI', 50),
('MAGIM8', 'ELFE', 50),
('MAGIM8', 'HUMAIN', 50),
('MAGIM8', 'NAIN', 50),
('MAGIM8', 'ORC', 50),
('MAGIM9', 'AMAI', 50),
('MAGIM9', 'DEMI', 50),
('MAGIM9', 'ELFE', 50),
('MAGIM9', 'HUMAIN', 50),
('MAGIM9', 'NAIN', 50),
('MAGIM9', 'ORC', 50),
('MAGIS1', 'CHAPPY', 60),
('MAGIS1', 'DEMI', 50),
('MAGIS1', 'ELFE', 40),
('MAGIS1', 'GNOLL', 50),
('MAGIS1', 'GOBELIN', 50),
('MAGIS1', 'HLEZARD', 50),
('MAGIS1', 'HRAT', 50),
('MAGIS1', 'HUMAIN', 50),
('MAGIS1', 'NAIN', 60),
('MAGIS1', 'ORC', 40),
('MAGIS10', 'CHAPPY', 60),
('MAGIS10', 'DEMI', 50),
('MAGIS10', 'ELFE', 40),
('MAGIS10', 'GNOLL', 50),
('MAGIS10', 'GOBELIN', 50),
('MAGIS10', 'HLEZARD', 50),
('MAGIS10', 'HRAT', 50),
('MAGIS10', 'HUMAIN', 50),
('MAGIS10', 'NAIN', 60),
('MAGIS10', 'ORC', 40),
('MAGIS2', 'CHAPPY', 60),
('MAGIS2', 'DEMI', 50),
('MAGIS2', 'ELFE', 40),
('MAGIS2', 'GNOLL', 50),
('MAGIS2', 'GOBELIN', 50),
('MAGIS2', 'HLEZARD', 50),
('MAGIS2', 'HRAT', 50),
('MAGIS2', 'HUMAIN', 50),
('MAGIS2', 'NAIN', 60),
('MAGIS2', 'ORC', 40),
('MAGIS3', 'CHAPPY', 60),
('MAGIS3', 'DEMI', 50),
('MAGIS3', 'ELFE', 40),
('MAGIS3', 'GNOLL', 50),
('MAGIS3', 'GOBELIN', 50),
('MAGIS3', 'HLEZARD', 50),
('MAGIS3', 'HRAT', 50),
('MAGIS3', 'HUMAIN', 50),
('MAGIS3', 'NAIN', 60),
('MAGIS3', 'ORC', 40),
('MAGIS4', 'CHAPPY', 60),
('MAGIS4', 'DEMI', 50),
('MAGIS4', 'ELFE', 40),
('MAGIS4', 'GNOLL', 50),
('MAGIS4', 'GOBELIN', 50),
('MAGIS4', 'HLEZARD', 50),
('MAGIS4', 'HRAT', 50),
('MAGIS4', 'HUMAIN', 50),
('MAGIS4', 'NAIN', 60),
('MAGIS4', 'ORC', 40),
('MAGIS5', 'CHAPPY', 60),
('MAGIS5', 'DEMI', 50),
('MAGIS5', 'ELFE', 40),
('MAGIS5', 'GNOLL', 50),
('MAGIS5', 'GOBELIN', 50),
('MAGIS5', 'HLEZARD', 50),
('MAGIS5', 'HRAT', 50),
('MAGIS5', 'HUMAIN', 50),
('MAGIS5', 'NAIN', 60),
('MAGIS5', 'ORC', 40),
('MAGIS6', 'CHAPPY', 60),
('MAGIS6', 'DEMI', 50),
('MAGIS6', 'ELFE', 40),
('MAGIS6', 'GNOLL', 50),
('MAGIS6', 'GOBELIN', 50),
('MAGIS6', 'HLEZARD', 50),
('MAGIS6', 'HRAT', 50),
('MAGIS6', 'HUMAIN', 50),
('MAGIS6', 'NAIN', 60),
('MAGIS6', 'ORC', 40),
('MAGIS7', 'CHAPPY', 60),
('MAGIS7', 'DEMI', 50),
('MAGIS7', 'ELFE', 40),
('MAGIS7', 'GNOLL', 50),
('MAGIS7', 'GOBELIN', 50),
('MAGIS7', 'HLEZARD', 50),
('MAGIS7', 'HRAT', 50),
('MAGIS7', 'HUMAIN', 50),
('MAGIS7', 'NAIN', 60),
('MAGIS7', 'ORC', 40),
('MAGIS8', 'CHAPPY', 60),
('MAGIS8', 'DEMI', 50),
('MAGIS8', 'ELFE', 40),
('MAGIS8', 'GNOLL', 50),
('MAGIS8', 'GOBELIN', 50),
('MAGIS8', 'HLEZARD', 50),
('MAGIS8', 'HRAT', 50),
('MAGIS8', 'HUMAIN', 50),
('MAGIS8', 'NAIN', 60),
('MAGIS8', 'ORC', 40),
('MAGIS9', 'CHAPPY', 60),
('MAGIS9', 'DEMI', 50),
('MAGIS9', 'ELFE', 40),
('MAGIS9', 'GNOLL', 50),
('MAGIS9', 'GOBELIN', 50),
('MAGIS9', 'HLEZARD', 50),
('MAGIS9', 'HRAT', 50),
('MAGIS9', 'HUMAIN', 50),
('MAGIS9', 'NAIN', 60),
('MAGIS9', 'ORC', 40),
('MAGOU1', 'AMAI', 50),
('MAGOU1', 'CHAPPY', 30),
('MAGOU1', 'DEMI', 50),
('MAGOU1', 'ELFE', 50),
('MAGOU1', 'GNOLL', 50),
('MAGOU1', 'GOBELIN', 40),
('MAGOU1', 'HLEZARD', 60),
('MAGOU1', 'HRAT', 40),
('MAGOU1', 'HUMAIN', 50),
('MAGOU1', 'NAIN', 50),
('MAGOU1', 'ORC', 50),
('MAGOU2', 'AMAI', 50),
('MAGOU2', 'CHAPPY', 30),
('MAGOU2', 'DEMI', 50),
('MAGOU2', 'ELFE', 50),
('MAGOU2', 'GNOLL', 50),
('MAGOU2', 'GOBELIN', 40),
('MAGOU2', 'HLEZARD', 60),
('MAGOU2', 'HRAT', 40),
('MAGOU2', 'HUMAIN', 50),
('MAGOU2', 'NAIN', 50),
('MAGOU2', 'ORC', 50),
('MAGOU3', 'AMAI', 50),
('MAGOU3', 'CHAPPY', 30),
('MAGOU3', 'DEMI', 50),
('MAGOU3', 'ELFE', 50),
('MAGOU3', 'GNOLL', 50),
('MAGOU3', 'GOBELIN', 40),
('MAGOU3', 'HLEZARD', 60),
('MAGOU3', 'HRAT', 40),
('MAGOU3', 'HUMAIN', 50),
('MAGOU3', 'NAIN', 50),
('MAGOU3', 'ORC', 50),
('MAGOU4', 'AMAI', 50),
('MAGOU4', 'CHAPPY', 30),
('MAGOU4', 'DEMI', 50),
('MAGOU4', 'ELFE', 50),
('MAGOU4', 'GNOLL', 50),
('MAGOU4', 'GOBELIN', 40),
('MAGOU4', 'HLEZARD', 60),
('MAGOU4', 'HRAT', 40),
('MAGOU4', 'HUMAIN', 50),
('MAGOU4', 'NAIN', 50),
('MAGOU4', 'ORC', 50),
('MAGOU5', 'AMAI', 50),
('MAGOU5', 'CHAPPY', 30),
('MAGOU5', 'DEMI', 50),
('MAGOU5', 'ELFE', 50),
('MAGOU5', 'GNOLL', 50),
('MAGOU5', 'GOBELIN', 40),
('MAGOU5', 'HLEZARD', 60),
('MAGOU5', 'HRAT', 40),
('MAGOU5', 'HUMAIN', 50),
('MAGOU5', 'NAIN', 50),
('MAGOU5', 'ORC', 50),
('MALEDIC', 'AMAI', 80),
('MALEDIC', 'CHAPPY', 80),
('MALEDIC', 'DEMI', 80),
('MALEDIC', 'ELFE', 80),
('MALEDIC', 'GOBELIN', 80),
('MALEDIC', 'HLEZARD', 80),
('MALEDIC', 'HRAT', 80),
('MALEDIC', 'HUMAIN', 80),
('MALEDIC', 'NAIN', 80),
('MALEDIC', 'ORC', 80),
('METIER', 'AMAI', 50),
('METIER', 'CHAPPY', 40),
('METIER', 'DEMI', 50),
('METIER', 'ELFE', 50),
('METIER', 'GNOLL', 50),
('METIER', 'GOBELIN', 50),
('METIER', 'HLEZARD', 50),
('METIER', 'HRAT', 50),
('METIER', 'HUMAIN', 50),
('METIER', 'NAIN', 50),
('METIER', 'ORC', 50),
('METIER1', 'AMAI', 50),
('METIER1', 'CHAPPY', 40),
('METIER1', 'DEMI', 50),
('METIER1', 'ELFE', 50),
('METIER1', 'GNOLL', 50),
('METIER1', 'GOBELIN', 50),
('METIER1', 'HLEZARD', 50),
('METIER1', 'HRAT', 50),
('METIER1', 'HUMAIN', 50),
('METIER1', 'NAIN', 50),
('METIER1', 'ORC', 50),
('METIER2', 'AMAI', 50),
('METIER2', 'CHAPPY', 40),
('METIER2', 'DEMI', 50),
('METIER2', 'ELFE', 50),
('METIER2', 'GNOLL', 50),
('METIER2', 'GOBELIN', 50),
('METIER2', 'HLEZARD', 50),
('METIER2', 'HRAT', 50),
('METIER2', 'HUMAIN', 50),
('METIER2', 'NAIN', 50),
('METIER2', 'ORC', 50),
('METIER3', 'AMAI', 50),
('METIER3', 'CHAPPY', 40),
('METIER3', 'DEMI', 50),
('METIER3', 'ELFE', 50),
('METIER3', 'GNOLL', 50),
('METIER3', 'GOBELIN', 50),
('METIER3', 'HLEZARD', 50),
('METIER3', 'HRAT', 50),
('METIER3', 'HUMAIN', 50),
('METIER3', 'NAIN', 50),
('METIER3', 'ORC', 50),
('METIER4', 'AMAI', 50),
('METIER4', 'CHAPPY', 40),
('METIER4', 'DEMI', 50),
('METIER4', 'ELFE', 50),
('METIER4', 'GNOLL', 50),
('METIER4', 'GOBELIN', 50),
('METIER4', 'HLEZARD', 50),
('METIER4', 'HRAT', 50),
('METIER4', 'HUMAIN', 50),
('METIER4', 'NAIN', 50),
('METIER4', 'ORC', 50),
('METIER5', 'AMAI', 50),
('METIER5', 'CHAPPY', 40),
('METIER5', 'DEMI', 50),
('METIER5', 'ELFE', 50),
('METIER5', 'GNOLL', 50),
('METIER5', 'GOBELIN', 50),
('METIER5', 'HLEZARD', 50),
('METIER5', 'HRAT', 50),
('METIER5', 'HUMAIN', 50),
('METIER5', 'NAIN', 50),
('METIER5', 'ORC', 50),
('NOTAIRE', 'AMAI', 55),
('NOTAIRE', 'CHAPPY', 60),
('NOTAIRE', 'DEMI', 50),
('NOTAIRE', 'ELFE', 55),
('NOTAIRE', 'GNOLL', 60),
('NOTAIRE', 'GOBELIN', 55),
('NOTAIRE', 'HLEZARD', 60),
('NOTAIRE', 'HRAT', 55),
('NOTAIRE', 'HUMAIN', 50),
('NOTAIRE', 'NAIN', 55),
('NOTAIRE', 'ORC', 60),
('PARCH1', 'AMAI', 80),
('PARCH1', 'DEMI', 100),
('PARCH1', 'ELFE', 80),
('PARCH1', 'GOBELIN', 100),
('PARCH1', 'HRAT', 120),
('PARCH1', 'HUMAIN', 100),
('PARCH1', 'NAIN', 120),
('PARCH1', 'ORC', 120),
('PARCH2', 'AMAI', 80),
('PARCH2', 'DEMI', 100),
('PARCH2', 'ELFE', 80),
('PARCH2', 'GOBELIN', 100),
('PARCH2', 'HRAT', 120),
('PARCH2', 'HUMAIN', 100),
('PARCH2', 'NAIN', 120),
('PARCH2', 'ORC', 120),
('PARLMOR', 'CHAPPY', 60),
('PARLMOR', 'DEMI', 50),
('PARLMOR', 'ELFE', 50),
('PARLMOR', 'GNOLL', 50),
('PARLMOR', 'GOBELIN', 50),
('PARLMOR', 'HLEZARD', 50),
('PARLMOR', 'HRAT', 50),
('PARLMOR', 'HUMAIN', 50),
('PARLMOR', 'NAIN', 50),
('PARLMOR', 'ORC', 50),
('PREMSOIN1', 'AMAI', 50),
('PREMSOIN1', 'CHAPPY', 30),
('PREMSOIN1', 'DEMI', 40),
('PREMSOIN1', 'ELFE', 40),
('PREMSOIN1', 'GNOLL', 30),
('PREMSOIN1', 'GOBELIN', 40),
('PREMSOIN1', 'HLEZARD', 35),
('PREMSOIN1', 'HRAT', 35),
('PREMSOIN1', 'HUMAIN', 40),
('PREMSOIN1', 'NAIN', 40),
('PREMSOIN1', 'ORC', 50),
('PREMSOIN2', 'AMAI', 50),
('PREMSOIN2', 'CHAPPY', 30),
('PREMSOIN2', 'DEMI', 40),
('PREMSOIN2', 'ELFE', 40),
('PREMSOIN2', 'GNOLL', 30),
('PREMSOIN2', 'GOBELIN', 40),
('PREMSOIN2', 'HLEZARD', 35),
('PREMSOIN2', 'HRAT', 35),
('PREMSOIN2', 'HUMAIN', 40),
('PREMSOIN2', 'NAIN', 40),
('PREMSOIN2', 'ORC', 50),
('PREMSOIN3', 'AMAI', 50),
('PREMSOIN3', 'CHAPPY', 30),
('PREMSOIN3', 'DEMI', 40),
('PREMSOIN3', 'ELFE', 40),
('PREMSOIN3', 'GNOLL', 30),
('PREMSOIN3', 'GOBELIN', 40),
('PREMSOIN3', 'HLEZARD', 35),
('PREMSOIN3', 'HRAT', 35),
('PREMSOIN3', 'HUMAIN', 40),
('PREMSOIN3', 'NAIN', 40),
('PREMSOIN3', 'ORC', 50),
('PREMSOIN4', 'AMAI', 50),
('PREMSOIN4', 'CHAPPY', 30),
('PREMSOIN4', 'DEMI', 40),
('PREMSOIN4', 'ELFE', 40),
('PREMSOIN4', 'GNOLL', 30),
('PREMSOIN4', 'GOBELIN', 40),
('PREMSOIN4', 'HLEZARD', 35),
('PREMSOIN4', 'HRAT', 35),
('PREMSOIN4', 'HUMAIN', 40),
('PREMSOIN4', 'NAIN', 40),
('PREMSOIN4', 'ORC', 50),
('PREMSOIN5', 'AMAI', 50),
('PREMSOIN5', 'CHAPPY', 30),
('PREMSOIN5', 'DEMI', 40),
('PREMSOIN5', 'ELFE', 40),
('PREMSOIN5', 'GNOLL', 30),
('PREMSOIN5', 'GOBELIN', 40),
('PREMSOIN5', 'HLEZARD', 35),
('PREMSOIN5', 'HRAT', 35),
('PREMSOIN5', 'HUMAIN', 40),
('PREMSOIN5', 'NAIN', 40),
('PREMSOIN5', 'ORC', 50),
('PRESOIN', 'AMAI', 50),
('PRESOIN', 'CHAPPY', 30),
('PRESOIN', 'DEMI', 40),
('PRESOIN', 'ELFE', 40),
('PRESOIN', 'GNOLL', 30),
('PRESOIN', 'GOBELIN', 40),
('PRESOIN', 'HLEZARD', 30),
('PRESOIN', 'HRAT', 35),
('PRESOIN', 'HUMAIN', 40),
('PRESOIN', 'NAIN', 40),
('PRESOIN', 'ORC', 50),
('PRISSOM', 'AMAI', 70),
('PRISSOM', 'CHAPPY', 80),
('PRISSOM', 'DEMI', 80),
('PRISSOM', 'ELFE', 70),
('PRISSOM', 'GNOLL', 80),
('PRISSOM', 'GOBELIN', 80),
('PRISSOM', 'HLEZARD', 90),
('PRISSOM', 'HRAT', 90),
('PRISSOM', 'HUMAIN', 80),
('PRISSOM', 'NAIN', 90),
('PRISSOM', 'ORC', 90),
('PV1', 'AMAI', 40),
('PV1', 'CHAPPY', 30),
('PV1', 'DEMI', 30),
('PV1', 'ELFE', 40),
('PV1', 'GNOLL', 30),
('PV1', 'GOBELIN', 30),
('PV1', 'HLEZARD', 30),
('PV1', 'HRAT', 30),
('PV1', 'HUMAIN', 30),
('PV1', 'NAIN', 20),
('PV1', 'ORC', 20),
('PV2', 'AMAI', 40),
('PV2', 'CHAPPY', 30),
('PV2', 'DEMI', 30),
('PV2', 'ELFE', 40),
('PV2', 'GNOLL', 30),
('PV2', 'GOBELIN', 30),
('PV2', 'HLEZARD', 30),
('PV2', 'HRAT', 30),
('PV2', 'HUMAIN', 30),
('PV2', 'NAIN', 20),
('PV2', 'ORC', 20),
('PV3', 'AMAI', 40),
('PV3', 'CHAPPY', 30),
('PV3', 'DEMI', 30),
('PV3', 'ELFE', 40),
('PV3', 'GNOLL', 30),
('PV3', 'GOBELIN', 30),
('PV3', 'HLEZARD', 30),
('PV3', 'HRAT', 30),
('PV3', 'HUMAIN', 30),
('PV3', 'NAIN', 20),
('PV3', 'ORC', 20),
('PV4', 'AMAI', 40),
('PV4', 'CHAPPY', 30),
('PV4', 'DEMI', 30),
('PV4', 'ELFE', 40),
('PV4', 'GNOLL', 30),
('PV4', 'GOBELIN', 30),
('PV4', 'HLEZARD', 30),
('PV4', 'HRAT', 30),
('PV4', 'HUMAIN', 30),
('PV4', 'NAIN', 20),
('PV4', 'ORC', 20),
('PV5', 'AMAI', 40),
('PV5', 'CHAPPY', 30),
('PV5', 'DEMI', 30),
('PV5', 'ELFE', 40),
('PV5', 'GNOLL', 30),
('PV5', 'GOBELIN', 30),
('PV5', 'HLEZARD', 30),
('PV5', 'HRAT', 30),
('PV5', 'HUMAIN', 30),
('PV5', 'NAIN', 20),
('PV5', 'ORC', 20),
('PVSUP', 'AMAI', 20),
('PVSUP', 'CHAPPY', 15),
('PVSUP', 'DEMI', 15),
('PVSUP', 'ELFE', 20),
('PVSUP', 'GNOLL', 15),
('PVSUP', 'GOBELIN', 15),
('PVSUP', 'HLEZARD', 15),
('PVSUP', 'HRAT', 15),
('PVSUP', 'HUMAIN', 15),
('PVSUP', 'NAIN', 10),
('PVSUP', 'ORC', 10),
('RAFIST', 'AMAI', 50),
('RAFIST', 'CHAPPY', 50),
('RAFIST', 'DEMI', 50),
('RAFIST', 'ELFE', 50),
('RAFIST', 'GNOLL', 40),
('RAFIST', 'GOBELIN', 40),
('RAFIST', 'HLEZARD', 40),
('RAFIST', 'HRAT', 40),
('RAFIST', 'HUMAIN', 50),
('RAFIST', 'NAIN', 40),
('RAFIST', 'ORC', 50),
('RAGE1', 'AMAI', 110),
('RAGE1', 'CHAPPY', 120),
('RAGE1', 'DEMI', 100),
('RAGE1', 'ELFE', 110),
('RAGE1', 'GNOLL', 80),
('RAGE1', 'GOBELIN', 100),
('RAGE1', 'HLEZARD', 100),
('RAGE1', 'HRAT', 90),
('RAGE1', 'HUMAIN', 100),
('RAGE1', 'NAIN', 80),
('RAGE1', 'ORC', 80),
('RAGE2', 'AMAI', 110),
('RAGE2', 'CHAPPY', 120),
('RAGE2', 'DEMI', 100),
('RAGE2', 'ELFE', 110),
('RAGE2', 'GNOLL', 80),
('RAGE2', 'GOBELIN', 100),
('RAGE2', 'HLEZARD', 100),
('RAGE2', 'HRAT', 90),
('RAGE2', 'HUMAIN', 100),
('RAGE2', 'NAIN', 80),
('RAGE2', 'ORC', 80),
('RAGE3', 'AMAI', 110),
('RAGE3', 'CHAPPY', 120),
('RAGE3', 'DEMI', 100),
('RAGE3', 'ELFE', 110),
('RAGE3', 'GNOLL', 80),
('RAGE3', 'GOBELIN', 100),
('RAGE3', 'HLEZARD', 100),
('RAGE3', 'HRAT', 90),
('RAGE3', 'HUMAIN', 100),
('RAGE3', 'NAIN', 80),
('RAGE3', 'ORC', 80),
('REGEN1', 'GOBELIN', 150),
('REGEN1', 'HLEZARD', 125),
('REGEN1', 'ORC', 100),
('REGEN2', 'GOBELIN', 150),
('REGEN2', 'HLEZARD', 125),
('REGEN2', 'ORC', 100),
('RENFORTA1', 'AMAI', 15),
('RENFORTA1', 'DEMI', 20),
('RENFORTA1', 'ELFE', 15),
('RENFORTA1', 'GOBELIN', 20),
('RENFORTA1', 'HRAT', 25),
('RENFORTA1', 'HUMAIN', 20),
('RENFORTA1', 'NAIN', 20),
('RENFORTA1', 'ORC', 30),
('RENFORTA2', 'AMAI', 15),
('RENFORTA2', 'DEMI', 20),
('RENFORTA2', 'ELFE', 15),
('RENFORTA2', 'GOBELIN', 20),
('RENFORTA2', 'HRAT', 25),
('RENFORTA2', 'HUMAIN', 20),
('RENFORTA2', 'NAIN', 20),
('RENFORTA2', 'ORC', 30),
('RENFORTA3', 'AMAI', 15),
('RENFORTA3', 'DEMI', 20),
('RENFORTA3', 'ELFE', 15),
('RENFORTA3', 'GOBELIN', 20),
('RENFORTA3', 'HRAT', 25),
('RENFORTA3', 'HUMAIN', 20),
('RENFORTA3', 'NAIN', 20),
('RENFORTA3', 'ORC', 30),
('RENFORTA4', 'AMAI', 15),
('RENFORTA4', 'DEMI', 20),
('RENFORTA4', 'ELFE', 15),
('RENFORTA4', 'GOBELIN', 20),
('RENFORTA4', 'HRAT', 25),
('RENFORTA4', 'HUMAIN', 20),
('RENFORTA4', 'NAIN', 20),
('RENFORTA4', 'ORC', 30),
('RENFORTA5', 'AMAI', 15),
('RENFORTA5', 'DEMI', 20),
('RENFORTA5', 'ELFE', 15),
('RENFORTA5', 'GOBELIN', 20),
('RENFORTA5', 'HRAT', 25),
('RENFORTA5', 'HUMAIN', 20),
('RENFORTA5', 'NAIN', 20),
('RENFORTA5', 'ORC', 30),
('REPMV1', 'AMAI', 40),
('REPMV1', 'CHAPPY', 40),
('REPMV1', 'DEMI', 40),
('REPMV1', 'ELFE', 40),
('REPMV1', 'GNOLL', 50),
('REPMV1', 'GOBELIN', 40),
('REPMV1', 'HLEZARD', 40),
('REPMV1', 'HRAT', 40),
('REPMV1', 'HUMAIN', 40),
('REPMV1', 'NAIN', 40),
('REPMV1', 'ORC', 40),
('REPMV2', 'AMAI', 40),
('REPMV2', 'CHAPPY', 40),
('REPMV2', 'DEMI', 40),
('REPMV2', 'ELFE', 40),
('REPMV2', 'GNOLL', 50),
('REPMV2', 'GOBELIN', 40),
('REPMV2', 'HLEZARD', 40),
('REPMV2', 'HRAT', 40),
('REPMV2', 'HUMAIN', 40),
('REPMV2', 'NAIN', 40),
('REPMV2', 'ORC', 40),
('RESCHM1', 'AMAI', 70),
('RESCHM1', 'CHAPPY', 80),
('RESCHM1', 'DEMI', 90),
('RESCHM1', 'ELFE', 70),
('RESCHM1', 'GNOLL', 100),
('RESCHM1', 'HLEZARD', 90),
('RESCHM1', 'HRAT', 90),
('RESCHM1', 'HUMAIN', 90),
('RESCHM1', 'NAIN', 80),
('RESCHM1', 'ORC', 90),
('RESCHM2', 'AMAI', 70),
('RESCHM2', 'CHAPPY', 80),
('RESCHM2', 'DEMI', 90),
('RESCHM2', 'ELFE', 70),
('RESCHM2', 'GNOLL', 100),
('RESCHM2', 'HLEZARD', 90),
('RESCHM2', 'HRAT', 90),
('RESCHM2', 'HUMAIN', 90),
('RESCHM2', 'NAIN', 80),
('RESCHM2', 'ORC', 90),
('RESCHN1', 'AMAI', 80),
('RESCHN1', 'CHAPPY', 70),
('RESCHN1', 'DEMI', 90),
('RESCHN1', 'ELFE', 80),
('RESCHN1', 'GNOLL', 100),
('RESCHN1', 'GOBELIN', 90),
('RESCHN1', 'HLEZARD', 90),
('RESCHN1', 'HRAT', 90),
('RESCHN1', 'HUMAIN', 90),
('RESCHN1', 'NAIN', 90),
('RESCHN1', 'ORC', 80),
('RESCHN2', 'AMAI', 80),
('RESCHN2', 'CHAPPY', 70),
('RESCHN2', 'DEMI', 90),
('RESCHN2', 'ELFE', 80),
('RESCHN2', 'GNOLL', 100),
('RESCHN2', 'GOBELIN', 90),
('RESCHN2', 'HLEZARD', 90),
('RESCHN2', 'HRAT', 90),
('RESCHN2', 'HUMAIN', 90),
('RESCHN2', 'NAIN', 90),
('RESCHN2', 'ORC', 80),
('RESCHN3', 'AMAI', 80),
('RESCHN3', 'CHAPPY', 70),
('RESCHN3', 'DEMI', 90),
('RESCHN3', 'ELFE', 80),
('RESCHN3', 'GNOLL', 100),
('RESCHN3', 'GOBELIN', 90),
('RESCHN3', 'HLEZARD', 90),
('RESCHN3', 'HRAT', 90),
('RESCHN3', 'HUMAIN', 90),
('RESCHN3', 'NAIN', 90),
('RESCHN3', 'ORC', 80),
('RESPOI1', 'AMAI', 60),
('RESPOI1', 'CHAPPY', 60),
('RESPOI1', 'DEMI', 60),
('RESPOI1', 'ELFE', 70),
('RESPOI1', 'GNOLL', 60),
('RESPOI1', 'GOBELIN', 60),
('RESPOI1', 'HLEZARD', 40),
('RESPOI1', 'HRAT', 40),
('RESPOI1', 'HUMAIN', 60),
('RESPOI1', 'NAIN', 50),
('RESPOI1', 'ORC', 50),
('RESPOI2', 'AMAI', 60),
('RESPOI2', 'CHAPPY', 60),
('RESPOI2', 'DEMI', 60),
('RESPOI2', 'ELFE', 70),
('RESPOI2', 'GNOLL', 60),
('RESPOI2', 'GOBELIN', 60),
('RESPOI2', 'HLEZARD', 40),
('RESPOI2', 'HRAT', 40),
('RESPOI2', 'HUMAIN', 60),
('RESPOI2', 'NAIN', 50),
('RESPOI2', 'ORC', 50),
('RESTORT', 'AMAI', 35),
('RESTORT', 'CHAPPY', 50),
('RESTORT', 'DEMI', 40),
('RESTORT', 'ELFE', 45),
('RESTORT', 'GNOLL', 35),
('RESTORT', 'GOBELIN', 45),
('RESTORT', 'HLEZARD', 30),
('RESTORT', 'HRAT', 50),
('RESTORT', 'HUMAIN', 40),
('RESTORT', 'NAIN', 40),
('RESTORT', 'ORC', 30),
('RESUREC', 'AMAI', 30),
('RESUREC', 'CHAPPY', 30),
('RESUREC', 'DEMI', 30),
('RESUREC', 'ELFE', 30),
('RESUREC', 'GNOLL', 30),
('RESUREC', 'GOBELIN', 30),
('RESUREC', 'HLEZARD', 30),
('RESUREC', 'HRAT', 40),
('RESUREC', 'HUMAIN', 30),
('RESUREC', 'NAIN', 30),
('RESUREC', 'ORC', 30),
('RESUREC1', 'AMAI', 40),
('RESUREC1', 'CHAPPY', 40),
('RESUREC1', 'DEMI', 40),
('RESUREC1', 'ELFE', 40),
('RESUREC1', 'GNOLL', 40),
('RESUREC1', 'GOBELIN', 40),
('RESUREC1', 'HLEZARD', 40),
('RESUREC1', 'HRAT', 50),
('RESUREC1', 'HUMAIN', 40),
('RESUREC1', 'NAIN', 40),
('RESUREC1', 'ORC', 40),
('RESUREC2', 'AMAI', 40),
('RESUREC2', 'CHAPPY', 40),
('RESUREC2', 'DEMI', 40),
('RESUREC2', 'ELFE', 40),
('RESUREC2', 'GNOLL', 40),
('RESUREC2', 'GOBELIN', 40),
('RESUREC2', 'HLEZARD', 40),
('RESUREC2', 'HRAT', 50),
('RESUREC2', 'HUMAIN', 40),
('RESUREC2', 'NAIN', 40),
('RESUREC2', 'ORC', 40),
('RESUREC3', 'AMAI', 40),
('RESUREC3', 'CHAPPY', 40),
('RESUREC3', 'DEMI', 40),
('RESUREC3', 'ELFE', 40),
('RESUREC3', 'GNOLL', 40),
('RESUREC3', 'GOBELIN', 40),
('RESUREC3', 'HLEZARD', 40),
('RESUREC3', 'HRAT', 50),
('RESUREC3', 'HUMAIN', 40),
('RESUREC3', 'NAIN', 40),
('RESUREC3', 'ORC', 40),
('RESUREC4', 'AMAI', 40),
('RESUREC4', 'CHAPPY', 40),
('RESUREC4', 'DEMI', 40),
('RESUREC4', 'ELFE', 40),
('RESUREC4', 'GNOLL', 40),
('RESUREC4', 'GOBELIN', 40),
('RESUREC4', 'HLEZARD', 40),
('RESUREC4', 'HRAT', 50),
('RESUREC4', 'HUMAIN', 40),
('RESUREC4', 'NAIN', 40),
('RESUREC4', 'ORC', 40),
('RESUREC5', 'AMAI', 40),
('RESUREC5', 'CHAPPY', 40),
('RESUREC5', 'DEMI', 40),
('RESUREC5', 'ELFE', 40),
('RESUREC5', 'GNOLL', 40),
('RESUREC5', 'GOBELIN', 40),
('RESUREC5', 'HLEZARD', 40),
('RESUREC5', 'HRAT', 50),
('RESUREC5', 'HUMAIN', 40),
('RESUREC5', 'NAIN', 40),
('RESUREC5', 'ORC', 40),
('RETAB', 'AMAI', 80),
('RETAB', 'CHAPPY', 80),
('RETAB', 'DEMI', 80),
('RETAB', 'ELFE', 80),
('RETAB', 'GNOLL', 80),
('RETAB', 'GOBELIN', 80),
('RETAB', 'HLEZARD', 80),
('RETAB', 'HRAT', 80),
('RETAB', 'HUMAIN', 80),
('RETAB', 'NAIN', 80),
('RETAB', 'ORC', 80),
('RICHESS', 'AMAI', 25),
('RICHESS', 'CHAPPY', 15),
('RICHESS', 'DEMI', 25),
('RICHESS', 'ELFE', 25),
('RICHESS', 'GNOLL', 25),
('RICHESS', 'GOBELIN', 25),
('RICHESS', 'HLEZARD', 25),
('RICHESS', 'HRAT', 25),
('RICHESS', 'HUMAIN', 25),
('RICHESS', 'NAIN', 25),
('RICHESS', 'ORC', 25),
('RICHESSE1', 'AMAI', 50),
('RICHESSE1', 'CHAPPY', 30),
('RICHESSE1', 'DEMI', 50),
('RICHESSE1', 'ELFE', 50),
('RICHESSE1', 'GNOLL', 50),
('RICHESSE1', 'GOBELIN', 50),
('RICHESSE1', 'HLEZARD', 50),
('RICHESSE1', 'HRAT', 50),
('RICHESSE1', 'HUMAIN', 50),
('RICHESSE1', 'NAIN', 50),
('RICHESSE1', 'ORC', 50),
('RICHESSE2', 'AMAI', 50),
('RICHESSE2', 'CHAPPY', 30),
('RICHESSE2', 'DEMI', 50),
('RICHESSE2', 'ELFE', 50),
('RICHESSE2', 'GNOLL', 50),
('RICHESSE2', 'GOBELIN', 50),
('RICHESSE2', 'HLEZARD', 50),
('RICHESSE2', 'HRAT', 50),
('RICHESSE2', 'HUMAIN', 50),
('RICHESSE2', 'NAIN', 50),
('RICHESSE2', 'ORC', 50),
('RICHESSE3', 'AMAI', 50),
('RICHESSE3', 'CHAPPY', 30),
('RICHESSE3', 'DEMI', 50),
('RICHESSE3', 'ELFE', 50),
('RICHESSE3', 'GNOLL', 50),
('RICHESSE3', 'GOBELIN', 50),
('RICHESSE3', 'HLEZARD', 50),
('RICHESSE3', 'HRAT', 50),
('RICHESSE3', 'HUMAIN', 50),
('RICHESSE3', 'NAIN', 50),
('RICHESSE3', 'ORC', 50),
('RICHESSE4', 'AMAI', 50),
('RICHESSE4', 'CHAPPY', 30),
('RICHESSE4', 'DEMI', 50),
('RICHESSE4', 'ELFE', 50),
('RICHESSE4', 'GNOLL', 50),
('RICHESSE4', 'GOBELIN', 50),
('RICHESSE4', 'HLEZARD', 50),
('RICHESSE4', 'HRAT', 50),
('RICHESSE4', 'HUMAIN', 50),
('RICHESSE4', 'NAIN', 50),
('RICHESSE4', 'ORC', 50),
('RICHESSE5', 'AMAI', 50),
('RICHESSE5', 'CHAPPY', 30),
('RICHESSE5', 'DEMI', 50),
('RICHESSE5', 'ELFE', 50),
('RICHESSE5', 'GNOLL', 50),
('RICHESSE5', 'GOBELIN', 50),
('RICHESSE5', 'HLEZARD', 50),
('RICHESSE5', 'HRAT', 50),
('RICHESSE5', 'HUMAIN', 50),
('RICHESSE5', 'NAIN', 50),
('RICHESSE5', 'ORC', 50),
('SABOT1', 'AMAI', 80),
('SABOT1', 'CHAPPY', 60),
('SABOT1', 'DEMI', 80),
('SABOT1', 'ELFE', 80),
('SABOT1', 'GNOLL', 80),
('SABOT1', 'GOBELIN', 70),
('SABOT1', 'HLEZARD', 80),
('SABOT1', 'HRAT', 70),
('SABOT1', 'HUMAIN', 80),
('SABOT1', 'NAIN', 80),
('SABOT1', 'ORC', 80),
('SABOT2', 'AMAI', 80),
('SABOT2', 'CHAPPY', 60),
('SABOT2', 'DEMI', 80),
('SABOT2', 'ELFE', 80),
('SABOT2', 'GNOLL', 80),
('SABOT2', 'GOBELIN', 70),
('SABOT2', 'HLEZARD', 80),
('SABOT2', 'HRAT', 70),
('SABOT2', 'HUMAIN', 80),
('SABOT2', 'NAIN', 80),
('SABOT2', 'ORC', 80),
('SABOT3', 'AMAI', 80),
('SABOT3', 'CHAPPY', 60),
('SABOT3', 'DEMI', 80),
('SABOT3', 'ELFE', 80),
('SABOT3', 'GNOLL', 80),
('SABOT3', 'GOBELIN', 70),
('SABOT3', 'HLEZARD', 80),
('SABOT3', 'HRAT', 70),
('SABOT3', 'HUMAIN', 80),
('SABOT3', 'NAIN', 80),
('SABOT3', 'ORC', 80),
('SABOT4', 'AMAI', 80),
('SABOT4', 'CHAPPY', 60),
('SABOT4', 'DEMI', 80),
('SABOT4', 'ELFE', 80),
('SABOT4', 'GNOLL', 80),
('SABOT4', 'GOBELIN', 70),
('SABOT4', 'HLEZARD', 80),
('SABOT4', 'HRAT', 70),
('SABOT4', 'HUMAIN', 80),
('SABOT4', 'NAIN', 80),
('SABOT4', 'ORC', 80),
('SABOT5', 'AMAI', 80),
('SABOT5', 'CHAPPY', 60),
('SABOT5', 'DEMI', 80),
('SABOT5', 'ELFE', 80),
('SABOT5', 'GNOLL', 80),
('SABOT5', 'GOBELIN', 70),
('SABOT5', 'HLEZARD', 80),
('SABOT5', 'HRAT', 70),
('SABOT5', 'HUMAIN', 80),
('SABOT5', 'NAIN', 80),
('SABOT5', 'ORC', 80),
('SABOTAG', 'AMAI', 75),
('SABOTAG', 'CHAPPY', 50),
('SABOTAG', 'DEMI', 75),
('SABOTAG', 'ELFE', 75),
('SABOTAG', 'GNOLL', 75),
('SABOTAG', 'GOBELIN', 50),
('SABOTAG', 'HLEZARD', 75),
('SABOTAG', 'HRAT', 50),
('SABOTAG', 'HUMAIN', 75),
('SABOTAG', 'NAIN', 75),
('SABOTAG', 'ORC', 75),
('SMOKE', 'AMAI', 75),
('SMOKE', 'CHAPPY', 60),
('SMOKE', 'DEMI', 75),
('SMOKE', 'ELFE', 75),
('SMOKE', 'GNOLL', 75),
('SMOKE', 'GOBELIN', 60),
('SMOKE', 'HLEZARD', 75),
('SMOKE', 'HRAT', 60),
('SMOKE', 'HUMAIN', 75),
('SMOKE', 'NAIN', 90),
('SMOKE', 'ORC', 90),
('SORCOMP', 'AMAI', 50),
('SORCOMP', 'DEMI', 50),
('SORCOMP', 'ELFE', 50),
('SORCOMP', 'GOBELIN', 50),
('SORCOMP', 'HRAT', 50),
('SORCOMP', 'HUMAIN', 50),
('SORCOMP', 'NAIN', 50),
('SORCOMP', 'ORC', 50),
('SORTCOMP1', 'AMAI', 40),
('SORTCOMP1', 'DEMI', 40),
('SORTCOMP1', 'ELFE', 40),
('SORTCOMP1', 'GOBELIN', 40),
('SORTCOMP1', 'HRAT', 50),
('SORTCOMP1', 'HUMAIN', 40),
('SORTCOMP1', 'NAIN', 50),
('SORTCOMP1', 'ORC', 50),
('SORTCOMP2', 'AMAI', 40),
('SORTCOMP2', 'DEMI', 40),
('SORTCOMP2', 'ELFE', 40),
('SORTCOMP2', 'GOBELIN', 40),
('SORTCOMP2', 'HRAT', 50),
('SORTCOMP2', 'HUMAIN', 40),
('SORTCOMP2', 'NAIN', 50),
('SORTCOMP2', 'ORC', 50),
('SORTCOMP3', 'AMAI', 40),
('SORTCOMP3', 'DEMI', 40),
('SORTCOMP3', 'ELFE', 40),
('SORTCOMP3', 'GOBELIN', 40),
('SORTCOMP3', 'HRAT', 50),
('SORTCOMP3', 'HUMAIN', 40),
('SORTCOMP3', 'NAIN', 50),
('SORTCOMP3', 'ORC', 50),
('SPARM1', 'AMAI', 110),
('SPARM1', 'CHAPPY', 140),
('SPARM1', 'DEMI', 125),
('SPARM1', 'ELFE', 110),
('SPARM1', 'GNOLL', 125),
('SPARM1', 'GOBELIN', 125),
('SPARM1', 'HLEZARD', 125),
('SPARM1', 'HRAT', 125),
('SPARM1', 'HUMAIN', 125),
('SPARM1', 'NAIN', 110),
('SPARM1', 'ORC', 125),
('SPARM2', 'AMAI', 110),
('SPARM2', 'CHAPPY', 140),
('SPARM2', 'DEMI', 125),
('SPARM2', 'ELFE', 110),
('SPARM2', 'GNOLL', 125),
('SPARM2', 'GOBELIN', 125),
('SPARM2', 'HLEZARD', 125),
('SPARM2', 'HRAT', 125),
('SPARM2', 'HUMAIN', 125),
('SPARM2', 'NAIN', 110),
('SPARM2', 'ORC', 125),
('SPARM3', 'AMAI', 110),
('SPARM3', 'CHAPPY', 140),
('SPARM3', 'DEMI', 125),
('SPARM3', 'ELFE', 110),
('SPARM3', 'GNOLL', 125),
('SPARM3', 'GOBELIN', 125),
('SPARM3', 'HLEZARD', 125),
('SPARM3', 'HRAT', 125),
('SPARM3', 'HUMAIN', 125),
('SPARM3', 'NAIN', 110),
('SPARM3', 'ORC', 125),
('SPARM4', 'AMAI', 110),
('SPARM4', 'CHAPPY', 140),
('SPARM4', 'DEMI', 125),
('SPARM4', 'ELFE', 110),
('SPARM4', 'GNOLL', 125),
('SPARM4', 'GOBELIN', 125),
('SPARM4', 'HLEZARD', 125),
('SPARM4', 'HRAT', 125),
('SPARM4', 'HUMAIN', 125),
('SPARM4', 'NAIN', 110),
('SPARM4', 'ORC', 125),
('SPARM6', 'AMAI', 110),
('SPARM6', 'CHAPPY', 140),
('SPARM6', 'DEMI', 125),
('SPARM6', 'ELFE', 110),
('SPARM6', 'GNOLL', 125),
('SPARM6', 'GOBELIN', 125),
('SPARM6', 'HLEZARD', 125),
('SPARM6', 'HRAT', 125),
('SPARM6', 'HUMAIN', 125),
('SPARM6', 'NAIN', 110),
('SPARM6', 'ORC', 125),
('TORTURE', 'AMAI', 30),
('TORTURE', 'CHAPPY', 40),
('TORTURE', 'DEMI', 40),
('TORTURE', 'ELFE', 50),
('TORTURE', 'GNOLL', 40),
('TORTURE', 'GOBELIN', 40),
('TORTURE', 'HLEZARD', 40),
('TORTURE', 'HRAT', 40),
('TORTURE', 'HUMAIN', 40),
('TORTURE', 'NAIN', 40),
('TORTURE', 'ORC', 30),
('TRANSAR', 'AMAI', 20),
('TRANSAR', 'DEMI', 30),
('TRANSAR', 'ELFE', 20),
('TRANSAR', 'GOBELIN', 30),
('TRANSAR', 'HRAT', 40),
('TRANSAR', 'HUMAIN', 30),
('TRANSAR', 'NAIN', 40),
('TRANSAR', 'ORC', 40),
('VOL1', 'AMAI', 50),
('VOL1', 'CHAPPY', 40),
('VOL1', 'DEMI', 60),
('VOL1', 'ELFE', 50),
('VOL1', 'GNOLL', 70),
('VOL1', 'GOBELIN', 50),
('VOL1', 'HLEZARD', 60),
('VOL1', 'HRAT', 40),
('VOL1', 'HUMAIN', 60),
('VOL1', 'NAIN', 70),
('VOL1', 'ORC', 70),
('VOL2', 'AMAI', 50),
('VOL2', 'CHAPPY', 40),
('VOL2', 'DEMI', 60),
('VOL2', 'ELFE', 50),
('VOL2', 'GNOLL', 70),
('VOL2', 'GOBELIN', 50),
('VOL2', 'HLEZARD', 60),
('VOL2', 'HRAT', 40),
('VOL2', 'HUMAIN', 60),
('VOL2', 'NAIN', 70),
('VOL2', 'ORC', 70);

-- --------------------------------------------------------

--
-- Table structure for table `documents`
--

CREATE TABLE `documents` (
  `Code` varchar(10) COLLATE utf8mb4_general_ci NOT NULL,
  `Type` varchar(10) COLLATE utf8mb4_general_ci NOT NULL,
  `Titre` varchar(100) COLLATE utf8mb4_general_ci NOT NULL,
  `Texte` longtext COLLATE utf8mb4_general_ci NOT NULL,
  `Description` varchar(200) COLLATE utf8mb4_general_ci DEFAULT NULL,
  `Version` varchar(10) COLLATE utf8mb4_general_ci NOT NULL,
  `CodeUnivers` varchar(10) COLLATE utf8mb4_general_ci NOT NULL DEFAULT 'BELE'
) ENGINE=InnoDB DEFAULT CHARSET=utf8mb4 COLLATE=utf8mb4_general_ci;

--
-- Dumping data for table `documents`
--

INSERT INTO `documents` (`Code`, `Type`, `Titre`, `Texte`, `Description`, `Version`, `CodeUnivers`) VALUES
('CODE-BENEV', 'CONTRAT', 'Code du Bénévole', 'En tant que membre d’un comité ou d’une équipe de travail des Terres de Bélénos, il est primordial de respecter l’ensemble des principes et règles qui régissent les conduites inhérentes à cette fonction. Le présent code expose les règles de conduite, les devoirs et les obligations que ces membres doivent respecter.\n\n<ul><li>ATTENDU que les membres d’un comité ou d’une équipe de travail sont choisis pour épauler les propriétaires et les organisateurs des Terres de Bélénos dans le fonctionnement de l’entreprise;</li>\n<li>ATTENDU que dans le cadre de ce mandat, ils seront appelés à formuler des recommandations à l’organisation pouvant impacter le jeu et ses clients (1);</li>\n<li>ATTENDU que pour prendre ces décisions, des informations de nature confidentielle peuvent être échangées;</li>\n<li>ATTENDU que dans le cadre d’un mandat, les membres d’un comité ou d’une équipe de travail peuvent être appelés à créer des actifs intellectuels reliés au monde de jeu des Terres de Bélénos; </li>\n<li>ATTENDU qu’il est du devoir de chaque membre d’un comité ou d’une équipe de l’organisation de remplir son mandat avec prudence et diligence;</li>\n<li>ATTENDU qu’il est du devoir de chaque membre d’un comité ou d’une équipe d’éviter les conflits d’intérêts réels, apparents ou potentiels; </li>\n<li>ATTENDU qu’il apparaît juste, nécessaire et raisonnable et dans l’intérêt de l’entreprise et ses clients que Les Terres de Bélénos édicte des règles d’éthique qui doivent guider la conduite des membres d’un comité ou d’une équipe de son organisation.</li></ul>\n\nDans le cadre de leur mandat, les membres d’un comité ou d’une équipe s’engagent à respecter les « attendus » ci-dessus, qui font partie intégrante du code, et à :\n\n<b>RÈGLES GÉNÉRALES</b>\n<ol start=\"1\"><li>Agir, tant à l’égard des clients, des organisateurs et des autres membres d’un comité ou d’une équipe, avec respect, intégrité, objectivité et impartialité. </li>\n<li>Maintenir un climat de respect des opinions et des expertises de chaque membre d’un comité ou d’une équipe.</li>\n<li>Faire preuve de discrétion si des mésententes se produisent au sein d’un comité ou d’une équipe et régler les divergences d’opinions de façon constructive. </li>\n<li>Traiter tout client et membre d’un comité ou d’une équipe avec politesse et sans discrimination. </li></ol>\n\n<b>CONFLITS D’INTÉRÊTS</b>\n<ol start=\"5\"><li>Éviter d’être ou de se placer consciemment dans une situation susceptible de mettre en conflit ses propres intérêts ou celui de ses proches et ceux des Terres de Bélénos. </li>\n<li>Éviter et déclarer au comité ou à l’équipe de travail toute situation où il est susceptible d’apparaître en conflit d’intérêts (2).</li>\n<li>S’abstenir de solliciter, d’accepter ou de recevoir de quiconque un avantage pour lui-même ou ses proches en échange d’une prise de position, d’une intervention ou d’un service. </li>\n<li>S’abstenir d’utiliser (3) pour son intérêt personnel ou celui de ses proches des renseignements que ses fonctions au sein d’un comité ou d’une équipe lui ont permis d’obtenir. </li>\n<li>S’abstenir de participer aux délibérations et se retirer de la partie de la séance du comité ou de l’équipe concernant les discussions entourant l’apparence de conflits d’intérêts ou le conflit d’intérêts. </li></ol>\n\n<b>CONFIDENTIALITÉ</b>\n<ol start=\"10\"><li>Protéger la confidentialité des renseignements obtenus lors des débats, échanges et discussions de ses comités ou de ses équipes et qui ne sont pas destinés à être communiqués. </li>\n<li>Sauvegarder la confidentialité des informations concernant un client ou ses proches, sauf s’il y risque de mettre en danger ou de porter atteinte à sa santé ou celle de ses proches (4). </li>\n<li>S’abstenir d’accéder à toute information personnelle ou confidentielle détenue par Les Terres de Bélénos sans autorisation explicite à cet effet. </li>\n<li>S’abstenir d’accéder à toute information personnelle ou confidentielle détenue par Les Terres de Bélénos lorsque cet accès n’est pas nécessaire à ses fonctions.</li>\n<li>Éviter toute déclaration, controverse ou prise de position incompatible avec la mission et les intérêts des Terres de Bélénos. </li>\n<li>Prendre les mesures nécessaires et raisonnables pour respecter, en tout temps après l’expiration de son mandat, la confidentialité de toutes les informations (renseignements, débats, échanges et discussions) de quelque nature que ce soit dont il a eu connaissance dans l’exercice de ses fonctions au sein du comité ou de l’équipe.</li></ol>\n\n<b>PROPRIÉTÉ INTELLECTUELLE</b>\n<ol start=\"16\"><li>Toute œuvre, histoire, dessin et autres actifs intellectuels créés dans le cadre d’un mandat bénévole demeurent la stricte propriété des Terres de Bélénos et ne saurait être utilisé d’aucune façon à l’extérieur du cadre du jeu grandeur nature sans permission explicite de l’organisation.</li>\n<li>Le bénévole qui crée une œuvre, histoire, dessin ou autre actif intellectuel suivant un mandat confié par l’organisation des Terres de Bélénos cède intégralement ses droits de propriété intellectuelle sur sa création à l’entreprise.</li></ol>\n\n<b><u>Notes</u></b>\n(1) On entend par « client » l’ensemble des membres de la communauté bélénoise, ainsi que tout\nparticipant ou spectateur à des activités organisées par Les Terres de Bélénos, le tout sans\nlimiter la portée du terme.\n(2) Par exemple, et non limitativement, éviter de s’avantager en jeu soi-même ou d’autres joueurs\ngrâce à des informations obtenues dans le cadre d’un comité ou d’une équipe de travail.\n(3) Par exemple, faire du “meta” avec des informations obtenues dans un comité ou une équipe de\ntravail serait considéré fautif.\n(4) La divulgation d’un renseignement confidentiel devrait toujours se faire avec l’approbation de\nTomy Goulet.', 'Entente à signer afin d\'avoir accès aux textes et informations plus sensibles utilisés pour l\'organisation du GN.', '1.1', 'BELE'),
('FORM-PSI', 'CONTRAT', 'Plan de sécurité', 'CONSIDÉRANT l’importance d’assurer la sécurité des participants aux activités des Terres de\nBélénos, particulièrement en ce qui a trait aux risques d’incendie;\n\nCONSIDÉRANT que pour atteindre ce but, les Terres de Bélénos met en place un Plan de\nsécurité incendie;\n\nCONSIDÉRANT que je m’implique en tant que bénévole membre du personnel pour le bon\nfonctionnement des activités des Terres de Bélénos;\n\nJE M’ENGAGE À :\n<ul><li>Prendre connaissance, respecter et appliquer le Plan de sécurité incendie selon mon\nrôle;</li>\n<li>Suivre les formations appropriées à mon rôle et les appliquer pour assurer la sécurité\ndes participants;</li>\n<li>Agir en conformité avec les responsabilités qui me sont données en cas de situation\nd’urgence;</li>\n<li>Signaler immédiatement toute situation pouvant représenter un risque d’incendie,\nparticiper à l’identification et à l’élimination des risques d’incendie et collaborer avec\nle Propriétaire et les autorités compétentes à ce sujet.</li></ul>', 'Engagement à signer par les arbitres et responsables de site.', '1.0', 'BELE');

-- --------------------------------------------------------

--
-- Table structure for table `etres_mythiques`
--

CREATE TABLE `etres_mythiques` (
  `Code` varchar(10) COLLATE utf8mb4_general_ci NOT NULL,
  `Nom` varchar(100) COLLATE utf8mb4_general_ci NOT NULL,
  `CodesPouvoirs` varchar(100) COLLATE utf8mb4_general_ci NOT NULL
) ENGINE=InnoDB DEFAULT CHARSET=utf8mb4 COLLATE=utf8mb4_general_ci;

--
-- Dumping data for table `etres_mythiques`
--

INSERT INTO `etres_mythiques` (`Code`, `Nom`, `CodesPouvoirs`) VALUES
('ARCHON', 'Archon', 'ARCHON;ELEMARC'),
('AVATAR', 'Avatar', 'AVATAR;PV6;RESCHM1'),
('DIVUS', 'Divus', 'DIVUS;PV6'),
('EIDOLON', 'Eidolon', 'EIDOLON'),
('GAROU', 'Loup-garou', 'GAROU'),
('LICHE', 'Liche', 'LICHE'),
('SOLERION', 'Solerion', 'SOLERION'),
('VAMPIRE', 'Vampire', 'VAMPIRE');

-- --------------------------------------------------------

--
-- Table structure for table `graces_divines`
--

CREATE TABLE `graces_divines` (
  `CodeReligion` varchar(10) COLLATE utf8mb4_general_ci NOT NULL,
  `CodeCompetence` varchar(10) COLLATE utf8mb4_general_ci NOT NULL
) ENGINE=InnoDB DEFAULT CHARSET=utf8mb4 COLLATE=utf8mb4_general_ci;

--
-- Dumping data for table `graces_divines`
--

INSERT INTO `graces_divines` (`CodeReligion`, `CodeCompetence`) VALUES
('AMAIRA', 'RESCHM1'),
('AYKA', 'RESTORT'),
('CHAOS', 'IFCHAOS'),
('DAGOTH', 'SABOTAG'),
('GAEA', 'HERBO1'),
('GALLEON', 'ENDURA1'),
('GODTAKK', 'RESCHN1'),
('GOLGOTH', 'GUERISO'),
('KAALKH', 'RESTORT'),
('KHALII', 'RICHESS'),
('MAKUDAR', 'FORGE1'),
('NOCTAVE', 'CTRLMV'),
('OTTOKOM', 'PARLMOR'),
('SIBYL', 'RICHESS'),
('SYLVA', 'RESCHM1'),
('TOYASH', 'INGENI1'),
('USIRE', 'CTRLMV');

-- --------------------------------------------------------

--
-- Table structure for table `maledictions`
--

CREATE TABLE `maledictions` (
  `CodeCompReg` varchar(10) COLLATE utf8mb4_general_ci NOT NULL,
  `Niveau` int NOT NULL DEFAULT '0',
  `Nom` varchar(100) COLLATE utf8mb4_general_ci NOT NULL
) ENGINE=InnoDB DEFAULT CHARSET=utf8mb4 COLLATE=utf8mb4_general_ci;

--
-- Dumping data for table `maledictions`
--

INSERT INTO `maledictions` (`CodeCompReg`, `Niveau`, `Nom`) VALUES
('SORT1', 1, 'Malédiction d\'adoration'),
('SORT1', 1, 'Malédiction d\'hallucination'),
('SORT1', 1, 'Malédiction d\'ivresse'),
('SORT1', 1, 'Malédiction de générosité'),
('SORT1', 1, 'Malédiction de paresse'),
('SORT1', 1, 'Malédiction des sons fauniques'),
('SORT1', 1, 'Malédiction du cadavre enragé'),
('SORT1', 1, 'Malédiction du goûter des morts'),
('SORT1', 1, 'Malédiction du reflet'),
('SORT1', 1, 'Malédiction du rire solitaire'),
('SORT1', 1, 'Malédiction du savant inutile'),
('SORT1', 1, 'Malédiction du volontaire'),
('SORT2', 2, 'Malédiction d\'aveuglement'),
('SORT2', 2, 'Malédiction de faiblesse'),
('SORT2', 2, 'Malédiction de la recrue'),
('SORT2', 2, 'Malédiction de mensonge'),
('SORT2', 2, 'Malédiction de pitié'),
('SORT2', 2, 'Malédiction du complice silencieux'),
('SORT2', 2, 'Malédiction du priant troublé'),
('SORT2', 2, 'Malédiction du roublard maladroit'),
('SORT2', 2, 'Malédiction du sommeil'),
('SORT2', 2, 'Malédiction du sorcier bafouilleur'),
('SORT2', 2, 'Malédiction du travailleur paresseux'),
('SORT2', 2, 'Malédiction du troubadour égocentrique'),
('SORT3', 3, 'Malédiction de contrôle'),
('SORT3', 3, 'Malédiction de l\'âme empoisonnée'),
('SORT3', 3, 'Malédiction de l\'esprit faible'),
('SORT3', 3, 'Malédiction de l\'inconscience'),
('SORT3', 3, 'Malédiction de la foudre'),
('SORT3', 3, 'Malédiction de phobie'),
('SORT3', 3, 'Malédiction des portes ouvertes'),
('SORT3', 3, 'Malédiction des sens'),
('SORT3', 3, 'Malédiction des sentiments'),
('SORT3', 3, 'Malédiction du lépreux'),
('SORT4', 4, 'Malédiction d\'obéissance'),
('SORT4', 4, 'Malédiction de l\'artiste désagréable'),
('SORT4', 4, 'Malédiction de l\'écuyer'),
('SORT4', 4, 'Malédiction de magie nécrotique'),
('SORT4', 4, 'Malédiction de rage'),
('SORT4', 4, 'Malédiction de tire-laine'),
('SORT4', 4, 'Malédiction de vérité'),
('SORT4', 4, 'Malédiction du Cycle'),
('SORT4', 4, 'Malédiction du métier bâclé'),
('SORT4', 4, 'Malédiction du preux sans foi'),
('SORT5', 5, 'Malédiction de confusion cléricale'),
('SORT5', 5, 'Malédiction de confusion raciale'),
('SORT5', 5, 'Malédiction de folie meurtrière'),
('SORT5', 5, 'Malédiction de la flamme purificatrice'),
('SORT5', 5, 'Malédiction de personnalité'),
('SORT5', 5, 'Malédiction du mal aimé des dieux'),
('SORT5', 5, 'Malédiction du vol d\'âme');

-- --------------------------------------------------------

--
-- Table structure for table `marchandises`
--

CREATE TABLE `marchandises` (
  `Code` varchar(10) COLLATE utf8mb4_general_ci NOT NULL,
  `Nom` varchar(100) COLLATE utf8mb4_general_ci NOT NULL,
  `Type` varchar(10) COLLATE utf8mb4_general_ci NOT NULL,
  `Cout` int NOT NULL,
  `Monnaie` varchar(50) COLLATE utf8mb4_general_ci NOT NULL DEFAULT 'Chad',
  `CodeMarche` varchar(10) COLLATE utf8mb4_general_ci NOT NULL DEFAULT 'REGULIER',
  `Affichage` int NOT NULL DEFAULT '0',
  `CodeEtat` varchar(10) COLLATE utf8mb4_general_ci NOT NULL DEFAULT 'ACTIF',
  `CodeUnivers` varchar(10) COLLATE utf8mb4_general_ci NOT NULL DEFAULT 'BELE'
) ENGINE=InnoDB DEFAULT CHARSET=utf8mb4 COLLATE=utf8mb4_general_ci;

--
-- Dumping data for table `marchandises`
--

INSERT INTO `marchandises` (`Code`, `Nom`, `Type`, `Cout`, `Monnaie`, `CodeMarche`, `Affichage`, `CodeEtat`, `CodeUnivers`) VALUES
('ACIER', '50 lingots d\'acier', 'ELEMENT', 1, 'Faveur de cuir', 'NOIR', 1, 'ACTIF', 'BELE'),
('ALCHIMIE', 'Élément d\'alchimie', 'ELEMENT', 10, 'chads', 'REGULIER', 3, 'ACTIF', 'BELE'),
('ARGENT', 'Élément d\'argent', 'ELEMENT', 40, 'chads', 'REGULIER', 2, 'ACTIF', 'BELE'),
('BIERE', 'Élément de bière', 'ELEMENT', 50, 'chads', 'REGULIER', 4, 'ACTIF', 'BELE'),
('INSTAL1', 'Installation niveau 1', 'METIER', 300, 'chads', 'REGULIER', 7, 'ACTIF', 'BELE'),
('INSTAL2', 'Installation niveau 2', 'METIER', 150, 'chads', 'REGULIER', 8, 'ACTIF', 'BELE'),
('INSTAL3', 'Installation niveau 3', 'METIER', 250, 'chads', 'REGULIER', 9, 'ACTIF', 'BELE'),
('METAL', 'Élément de métal', 'ELEMENT', 5, 'chads', 'REGULIER', 1, 'ACTIF', 'BELE'),
('OUTIL', 'Outil', 'METIER', 150, 'chads', 'REGULIER', 10, 'ACTIF', 'BELE'),
('PARCHEMIN', 'Parchemin vierge', 'ARCANE', 80, 'chads', 'REGULIER', 13, 'ACTIF', 'BELE'),
('POTION1', 'Potion niveau 1', 'POTION', 50, 'chads', 'REGULIER', 11, 'ACTIF', 'BELE'),
('POTION2', 'Potion niveau 2', 'POTION', 150, 'chads', 'REGULIER', 12, 'ACTIF', 'BELE'),
('SORT1G3', 'Sort N1 - Grade 3', 'ARCANE', 150, 'chads', 'REGULIER', 14, 'ACTIF', 'BELE'),
('SPIRITUEUX', 'Élément de spiritueux', 'ELEMENT', 100, 'chads', 'REGULIER', 6, 'ACTIF', 'BELE'),
('VIN', 'Élément de vin', 'ELEMENT', 75, 'chads', 'REGULIER', 5, 'ACTIF', 'BELE');

-- --------------------------------------------------------

--
-- Table structure for table `metiers`
--

CREATE TABLE `metiers` (
  `Id` int NOT NULL,
  `Nom` varchar(100) COLLATE utf8mb4_general_ci DEFAULT NULL
) ENGINE=InnoDB DEFAULT CHARSET=utf8mb4 COLLATE=utf8mb4_general_ci;

--
-- Dumping data for table `metiers`
--

INSERT INTO `metiers` (`Id`, `Nom`) VALUES
(1, 'Artiste / Scribe'),
(2, 'Bâtisseur / Réparateur'),
(3, 'Chasseur / Traqueur'),
(4, 'Dignitaire / Contact'),
(5, 'Érudit / Chercheur'),
(6, 'Soldat / Mercenaire'),
(7, 'Marchand / Gens de métier'),
(8, 'Physicien / Guérisseur'),
(9, 'Stratège / Planificateur'),
(10, 'Théologien / Prêcheur');

-- --------------------------------------------------------

--
-- Table structure for table `moyens_resurrection`
--

CREATE TABLE `moyens_resurrection` (
  `Id` int NOT NULL,
  `Nom` varchar(100) COLLATE utf8mb4_general_ci NOT NULL
) ENGINE=InnoDB DEFAULT CHARSET=utf8mb4 COLLATE=utf8mb4_general_ci;

--
-- Dumping data for table `moyens_resurrection`
--

INSERT INTO `moyens_resurrection` (`Id`, `Nom`) VALUES
(1, 'Second souffle'),
(2, 'Premiers soins'),
(3, 'Résurrection'),
(4, 'Haute magie'),
(5, 'Compétence spécial'),
(6, 'Pouvoir légendaire'),
(7, 'Miracle');

-- --------------------------------------------------------

--
-- Table structure for table `objets_jeu`
--

CREATE TABLE `objets_jeu` (
  `Code` varchar(10) COLLATE utf8mb4_general_ci NOT NULL,
  `Type` varchar(50) COLLATE utf8mb4_general_ci NOT NULL DEFAULT 'Autre',
  `Nom` varchar(100) COLLATE utf8mb4_general_ci NOT NULL,
  `Description` longtext COLLATE utf8mb4_general_ci,
  `CodePrecision` varchar(10) COLLATE utf8mb4_general_ci DEFAULT NULL,
  `Note` varchar(500) COLLATE utf8mb4_general_ci DEFAULT NULL,
  `CodeEtat` varchar(10) COLLATE utf8mb4_general_ci NOT NULL DEFAULT 'ACTIF'
) ENGINE=InnoDB DEFAULT CHARSET=utf8mb4 COLLATE=utf8mb4_general_ci;

--
-- Dumping data for table `objets_jeu`
--

INSERT INTO `objets_jeu` (`Code`, `Type`, `Nom`, `Description`, `CodePrecision`, `Note`, `CodeEtat`) VALUES
('ALCHIMIE', 'Élément', 'Élément d\'alchimie', 'Catalyseur alchimique', NULL, '', 'ACTIF'),
('ARGENT', 'Élément', 'Élément d\'argent', 'Lingot d\'argent.', NULL, '', 'ACTIF'),
('ARMEARG', 'Objet magique', 'Arme d\'argent', 'Arme d\'argent d\'une catégorie précise.', 'ARME', 'Ne pas mettre au registre', 'ACTIF'),
('ARMEMAG', 'Objet magique', 'Arme magique', 'Arme magique d\'une catégorie précise.', 'NUMERO', 'Mettre au registre', 'ACTIF'),
('ARTEMIN', 'Objet magique', 'Artéfact mineur', 'Objet magique possédant un pouvoir mineur.', 'NUMERO', 'Inclut les reliques', 'ACTIF'),
('BIERE', 'Élément', 'Alcool - Bière', 'Élément de bière.', NULL, '', 'ACTIF'),
('CHAD', 'Monnaie', 'Chads', 'Monnaie principale de Bélénos.', NULL, 'Non récupéré au Dépôt', 'ACTIF'),
('CHAMPIGNON', 'Plante rare', 'Champignon mythique de bois', 'Champignon rare permettant des recettes spéciales.', NULL, 'Vaut 500 chads', 'ACTIF'),
('COQLICORNE', 'Materiau', 'Plume de coqlicorne', 'Plume mature d\'un coqlicorne', NULL, '', 'ACTIF'),
('CRISTALB', 'Élément', 'Cristal brut', 'Élément réactif tel que trouvé dans la nature.', 'RELIGION', 'Vaut 600 chads', 'ACTIF'),
('CRISTALP', 'Élément', 'Cristal purifié', 'Élément réactif une fois purifié de son influence animique.', NULL, 'Vaut 1000 chads', 'ACTIF'),
('CRISTALR', 'Élément', 'Cristal raffiné', 'Élément réactif une fois raffiné par un noble.', 'RELIGION', 'Vaut 750 chads', 'ACTIF'),
('DIVINEALIA', 'Plante rare', 'Divine Alia', 'Fleur rouge poussant à un seul endroit des Steppes.', NULL, 'Vaut 1500 chads', 'ACTIF'),
('DOCNOTARIE', 'Document', 'Document notarié', 'Une copie d\'un document notarié renvoyé par la Chambre.', NULL, 'Doit être au registre', 'ACTIF'),
('DOCRARE', 'Document', 'Document rare', 'Un document difficile à trouver et qui traite d\'un sujet intéressant.', NULL, 'Doit être au registre', 'ACTIF'),
('FAVCUIR', 'Monnaie', 'Faveur de cuir', 'Monnaie du Marché de sable.', NULL, 'Vaut 250 chads', 'ACTIF'),
('FAVDUCALE', 'Monnaie', 'Faveur ducale', 'Faveur due par l\'un des duchés bélénois.', 'DUCHE', 'Vaut 500 chads', 'ACTIF'),
('LEGENDAIRE', 'Objet magique', 'Artéfact légendaire', 'Objet magique possédant un grand pouvoir.', 'NUMERO', 'Inclut les reliques', 'ACTIF'),
('LIERE', 'Plante rare', 'Lière étoilé', 'Lière rare provenant du Sud.', NULL, 'Vaut 2000 chads', 'ACTIF'),
('METAL', 'Élément', 'Élément de métal', 'Lingot d\'un métal commun (fer, cuivre, bronze, ...)', NULL, '', 'ACTIF'),
('MISSIVE', 'Document', 'Missive', 'Une missive qui n\'appartient pas au personnage.', NULL, 'Ne pas ajouter aux missives du personnage.', 'ACTIF'),
('OBJMAUDIT', 'Objet magique', 'Objet maudit', 'Un objet ou une arme maudite.', 'NUMERO', 'Compte contre la limite', 'ACTIF'),
('OBSIDIENNE', 'Matériau', 'Obsidienne', 'Un morceau d\'obsidienne provenant des confins de la terre.', NULL, '', 'ACTIF'),
('ONIRIUM', 'Matériau', 'Onirium', 'Reste d\'un Rève ou d\'un Cauchemars', NULL, '', 'ACTIF'),
('OUTILS', 'Installation', 'Outils d\'installation', 'Représente un outil de forge, laboratoire ou alcool', 'TYPE', '', 'ACTIF'),
('PARCHEMIN', 'Usage unique', 'Parchemin arcanique', 'Parchemin vierge ou de sort.', 'GRADE', 'N\'inclut pas les Contrats de sang', 'ACTIF'),
('POTION', 'Usage unique', 'Potion alchimique', 'N\'importe quel concoction alchimique.', NULL, 'N\'inclut pas les artéfacts.', 'ACTIF'),
('QUERKUS', 'Plante rare', 'Querkus argenté', 'Gland d\'un chêne rare poussant en eau salée.', NULL, 'Vaut 1000 chads.', 'ACTIF'),
('SAULE', 'Plante rare', 'Saule onirique', 'Branche d\'un saule magique poussant au Pilier Nord.', NULL, 'Vaut 2500 chads.', 'ACTIF'),
('SCENA', 'Autres', 'Objet scénaristique', 'Les objets qui ne sont pas magiques', 'NUMERO', '', 'ACTIF'),
('SPIRITUEUX', 'Élément', 'Alcool - Spiritueux', 'Élément de spiritueux.', NULL, '', 'ACTIF'),
('TROUSSE', 'Usage unique', 'Trousse de déguisement', 'Trousse de déguisement', NULL, '', 'ACTIF'),
('VIF-ARGENT', 'Matériau', 'Vif-argent', 'Un fragment de vif-argent.', NULL, 'Noter le numéro. Max 7 en jeu.', 'ACTIF'),
('VIN', 'Élément', 'Alcool - Vin', 'Élément de vin.', NULL, '', 'ACTIF');

-- --------------------------------------------------------

--
-- Table structure for table `options_quetes`
--

CREATE TABLE `options_quetes` (
  `Code` varchar(10) COLLATE utf8mb4_general_ci NOT NULL,
  `CodeRecompense` varchar(10) COLLATE utf8mb4_general_ci NOT NULL,
  `Ordre` int NOT NULL,
  `Section` varchar(100) COLLATE utf8mb4_general_ci DEFAULT NULL,
  `Nom` varchar(100) COLLATE utf8mb4_general_ci NOT NULL,
  `NombreGN` int NOT NULL,
  `CodeEtat` varchar(10) COLLATE utf8mb4_general_ci NOT NULL DEFAULT 'ACTIF',
  `CodeUnivers` varchar(10) COLLATE utf8mb4_general_ci NOT NULL DEFAULT 'BELE'
) ENGINE=InnoDB DEFAULT CHARSET=utf8mb4 COLLATE=utf8mb4_general_ci;

--
-- Dumping data for table `options_quetes`
--

INSERT INTO `options_quetes` (`Code`, `CodeRecompense`, `Ordre`, `Section`, `Nom`, `NombreGN`, `CodeEtat`, `CodeUnivers`) VALUES
('CREATION', 'COMPLEX', 13, 'Création', 'Sort complexe', 1, 'ACTIF', 'BELE'),
('CREATION', 'MALEDIC', 14, 'Création', 'Malédiction', 1, 'ACTIF', 'BELE'),
('CREATION', 'RECETTE', 15, 'Création', 'Nouvelle recette', 1, 'ACTIF', 'BELE'),
('CREATION', 'RELIQUE', 12, 'Création', 'Relique mineure', 1, 'ACTIF', 'BELE'),
('EVOLUTION', 'GAINXP', 5, 'Évolution', 'Gains d\'expérience', 1, 'INACT', 'BELE'),
('EVOLUTION', 'RETRAIT', 7, 'Évolution', 'Retraite de personnage', 1, 'ACTIF', 'BELE'),
('EVOLUTION', 'TERRE', 6, 'Évolution', 'Développement d\'une terre', 1, 'ACTIF', 'BELE'),
('GROUPE', 'SCHEMA', 1, 'Terreur nocturne', 'Schéma', 1, 'ACTIF', 'TERNOC'),
('MAJEURE', 'CSPEC', 2, 'Compétences spéciales majeures', '[Nom]', 3, 'ACTIF', 'BELE'),
('MINEURE', 'CSPEC', 1, 'Compétences spéciales mineures', '[Nom]', 2, 'ACTIF', 'BELE'),
('PRESTIGE', 'CLASSE', 3, 'Classes de prestige', '[Nom]', 2, 'ACTIF', 'BELE');

-- --------------------------------------------------------

--
-- Table structure for table `pnj_quetes`
--

CREATE TABLE `pnj_quetes` (
  `idPNJ` int NOT NULL,
  `nomPNJ` varchar(75) COLLATE utf8mb4_general_ci DEFAULT NULL,
  `comte` varchar(100) COLLATE utf8mb4_general_ci DEFAULT NULL,
  `profession` varchar(75) COLLATE utf8mb4_general_ci DEFAULT NULL,
  `personnalite` varchar(1000) COLLATE utf8mb4_general_ci DEFAULT NULL
) ENGINE=InnoDB DEFAULT CHARSET=utf8mb4 COLLATE=utf8mb4_general_ci;

--
-- Dumping data for table `pnj_quetes`
--

INSERT INTO `pnj_quetes` (`idPNJ`, `nomPNJ`, `comte`, `profession`, `personnalite`) VALUES
(1, 'Broki Longpré', '???', 'Arcaniste', 'Très objectif, dénué d\'émotions (robotique), esprit scientifique'),
(2, 'Iliane Desty', 'Ardast', 'Arcaniste', 'Méthodique, pompeuse, a de hauts standards chez ses élèves'),
(3, 'Hilaya Vertecourt', 'Ardast', 'Arcaniste', 'Faussement chaleureuse, ambitieuse, manipulatrice'),
(5, 'Méphisto (Langue Fourchue)', 'Arlon', 'Arcaniste (nécromancien)', 'Vise l\'excellence, sans pitié pour les faibles, habitué à diriger'),
(6, 'Maëlle', 'Arlon', 'Assassine', 'Contrôlante, a un fort code d\'honneur (tuer seulement pour une raison valable)'),
(7, 'Jean Lafitte', 'Arlon', 'Cultiste de Noctave', 'Vicieux, sournois, ouvert d\'esprit face aux nécromanciens'),
(8, 'Volvo Inganno', 'Bastide', 'Assassin', 'Étrangement sympathique, prévoyant, insouciant de la vie des autres'),
(9, '\"S.\"', 'Bonrempart', 'Assassin', 'Rusé; sournois; sans vergogne'),
(10, 'Frankos d’Oranger', 'Boursicot', '\"Serviteur spécial\" (Incorruptible)', 'requêtes étranges, pas de \"gros bon sens\", eccentrique, imperturbable, aime raconter ses expériences'),
(11, 'Cécile d’Avengus', 'Boursicot', 'Combattante (escrime)', 'Obsédée par la poudre, très détaillée dans ses requêtes'),
(12, 'Fleurette Dugrandmoulin', 'Boursicot', 'Conseillère diplomatique', 'Aucun humour, n\'aime pas les plaisanteries, va droit au but'),
(13, 'Olivia Richer', 'Boursicot', 'Prêtresse d\'Ayka', 'Sage; fière mais miséricordieuse'),
(14, 'Archimage De Brochee', 'Braise-Ardente', 'Arcaniste', 'Élitiste (non mage = non important), utilise un vocabulaire complexe'),
(15, 'Gork', 'Braise-Ardente', 'Combattant', 'Fait plein de fautes; fier de ses exploits guerrier'),
(16, 'Rhalen Du Rocher-Hurlant', 'Braise-Ardente', 'Cultiste de Godtakk', 'Dominatrice, zélée, sanguinaire'),
(17, 'Yakom Paluche', 'Braise-Ardente', 'Espion (Botte Sournoise)', 'Langage familier, sombre idiot passé maître dans l\'art d\'éviter les coups'),
(18, 'Karak le Rouge', 'Braise-Ardente (?)', 'Arcaniste', 'Empli de passion pour son métier, hypocrite'),
(19, 'Éliora', 'Champagnol', 'Prêtresse de Gaea', 'Aime promouvoir la consommation de fruits et légumes'),
(20, 'Mamie Verdille', 'Champagnol', 'Shaman', 'Chaleureuse, exotique, ricaneuse, fait confiance au destin, tranquille face à sa mortalité'),
(21, 'Huguette Doucevoix', 'Collines Hurlantes', 'Barde', 'Passionée, fatiguante par sa façon d\'écrire, pointilleuse'),
(22, 'Fyrio Sorel', 'Collines Hurlantes', 'Combattant', 'Extrêmement imbu de lui-même; fendant, utilise des tas d\'adjectifs pour se décrire'),
(23, 'Palissade (Hugues Dulongpuits)', 'Collines Hurlantes', 'Combattant', 'Colossal mais doté d\'un grand coeur'),
(24, 'Torvald Yakafak', 'Collines Hurlantes', 'Combattant', 'Aime dire Yakafak; un peu eccentrique'),
(25, 'Maitre Roger Duplantin', 'Collines Hurlantes', 'Combattant / Arcaniste', 'Loyal envers son comte, érudit de guerre'),
(26, 'William', 'Grands Moulins', 'Sacrificateur au nom de Chaos', 'Adore faire souffrir, psychopathe, zélé'),
(27, 'Rû delacourt', 'Griffe', 'Arcaniste', 'Aime s\'écouter parler, fait de longues phrases pour dire peu de choses, aime les potins'),
(28, 'Aldaron Nostrum Isilyanor', 'Griffe', 'Avatar de Gaea', '(faudrait demander à Dany Boiselle)'),
(29, 'Arasinn Malkathor', 'Griffe', 'Prêtre de Sylva', 'Fanatique, capricieux, connait les bonnes manières et les applique à la lettre'),
(30, 'Morwën Celawien', 'Griffe', 'Shaman', 'Aimable, courtoise, rêveuse'),
(31, 'Sachala Kyrmikénos', 'Griffe', 'Shaman dite \"paisible\"', 'Dans les vapes (esprit vagabond), passionnée par la mort, promouvoie l\'usage de drogues'),
(32, 'Ziir Sansnom', 'Griveton', '\"Serviteur spécial\" (Incorruptible)', 'Hyperactif, écrit de longues phrases avec peu de virgules'),
(33, 'Mazgot Arkatout', 'Griveton', 'Arcaniste', 'Déficit d\'attention (ne finit pas ses phrases)'),
(34, 'Garyx LeNoir', 'Griveton', 'Sacrificateur de Kaalkhorn', 'N\'accepte que l\'obédiance absolue, aime faire souffrir ses proies avec des plans complexes'),
(35, 'Hector', 'Griveton', 'Sacriicateur de Toyash', 'Excessivement formel, bureaucrate, encourageant'),
(36, 'Snort', 'Griveton', 'Herboriste (poudrier)', 'ADOOOOOORE la poudre, ne jure que par elle, fait des jeux de mots sur la poudre, langage familier'),
(37, 'Dimitri Koureschov Vladinotich', 'Harov', 'Expert en pièges', 'Méthodes peu conventionnelles, demande du courage de ses élèves (apprentissage à la dure)'),
(38, 'Igor le Tonitruant', 'Harov', 'Combattant', 'Parle exclusivement en criant (capslock)'),
(39, 'Igor Masculov', 'Harov', 'Combattant', 'Viril, macho, pense que seuls les hommes font de bons protecteurs de la veuve et l\'orphelin'),
(40, 'Alias Nyme', 'Harov', 'Espion (Botte Sournoise)', 'Se répète beaucoup (radote), tourne autour du pot, confuse les gens avec ce qu\'il dit'),
(41, 'Iris Gransoleil', 'Harov', 'Herboriste', 'Bipolaire (écrit parfois très calmement, et la phrase d\'après, devient furieuse)'),
(42, 'Robert Deschaînes', 'Harov', 'Prêtre d\'Ayka', 'Poète dans l\'âme, écrit en rimes, apporte une grande importance à l\'art et à la poésie dans ses tâches'),
(43, 'Pavel', 'Harov', 'Prêtre d\'Ayka', 'Accorde une importance excessive à la prière (en demande une très grande quantité dans ses tâches)'),
(44, 'Père Vanislav', 'Harov', 'Prêtre d\'Ayka', 'Vieillard malcomode, très dogmatique dans sa vision d\'Ayka, ne supporte pas les autres interprétations'),
(45, 'Charlène Beausoleil', 'Harov', 'Prêtresse de Sylva', 'Très stricte, ne supporte pas le moindre soupçon de désordre, calculatrice, méthodique'),
(46, 'Xiam', 'HautLangeois', 'Suivant de Tharôs (Sybilles)', 'Amateur d\'alcool, fêtard, souhaite que les gens se souviennent encore de Tharôs même s\'il est mort'),
(47, 'Albert Toutenfeux', 'Héodim', 'Expert en pièges', 'A survécu a de multiples incendies et explosions, et demande une expérience similaire de tous ses élèves '),
(48, 'Maître Doradril', 'Héodim', 'Arcaniste   ', 'Blasé de tout, peu de motivation dans ses missives ou envers ses élèves'),
(49, 'Talynn Renko', 'Héodim', 'Avatar de Golgoth', 'Très neutre dans ses textes (pas très palpitant ni énervant)'),
(50, 'Ousivan Kalasnof', 'Héodim', 'Combattant', 'Enthousiaste face à l\'entraînement (style prof de gym), ouvert à toutes les disciplines, pense \"hors de la boîte\"'),
(51, 'Diomède Delacôte', 'Héodim', 'Combattant (Botte Sournoise)', 'Farceur, bon sens de l\'humour, aime les élèves originaux'),
(52, 'Edouard Delamontagne', 'Héodim', 'Combattant ', 'Grand parleur petit faiseur, valorise l\'attitude de conquérant plutôt que les prouesses martiales pour gagner'),
(53, 'Orianne Ruben', 'Héodim', 'Experte en pièges', 'Fortement contre la consommation d\'alcool, consciente des dangers des pièges et en met ses élèves en garde'),
(54, 'Julian Grandtempete', 'Héodim', 'Prêtre de Golgoth', 'Très paisible, écrit ses requêtes de manière détournée avec de longs et beaux poèmes sur la beauté de la vie'),
(55, 'Maître des Corbeaux', 'Héodim', 'Shaman', 'Très intelligent, très mystérieux, prend ses précautions, ne dévoile pas ses savoirs à n\'importe qui'),
(56, 'Assany Média', 'Héodim', 'Shaman', 'Très expressive, valorise les vertus shamaniques du thé'),
(57, 'J.N.', 'Jade', 'Cultiste de Chaos', 'Cryptique et poétique dans ses missives, assez sinistre dans ses demandes'),
(58, 'Jasmine Delarose', 'Jade', 'Herboriste', 'Tête en l\'air, aime que ses élèves lui envoient des fleurs'),
(59, 'Rumyo Tanekan', 'Jade', 'Shaman', 'Accorde une grande importance aux traditions ancestrales, très conservatrice'),
(60, 'Edgar Jiro', 'Jade (?)', 'Combattant', 'Croit aux vertus d\'encaisser des douzaines de coups sur son corps pour devenir plus robuste'),
(61, 'Fiodor Ivanovich Nabokov', 'Longévia', 'Combattant', 'Aime raconter son passé guerrier, accorde plus d\'importance aux réflexes et aux tactiques qu\'à la force brute, farceur'),
(62, 'Antoine Purelame', 'Maillence', 'Combattant', 'Très prétentieux, peu aimable, trop concentré sur l\'étiquette et les bonnes manières'),
(63, 'Maître Zen-Ya', 'Maillence', 'Combattant (arts monastiques)', 'Plein de sagesse; parle de façon poétique'),
(64, 'Nagine', 'Maillence', 'Prêtre de Gaea (druide)', 'Est en faveur de l\'expansion rapide du culte de Gaea et de l\'extermination des démonistes (fanatique) '),
(65, 'Nicodemus Salazar', 'Maillence', 'Prêtre de Galléon', 'Prône la supériorité humaine par la diplomatie et les arts plutôt que par la guerre'),
(66, 'Phd Audin', 'Markelus', 'Arcaniste', 'Lèche-bottes, vaniteux, fort fier de sa profession et le montre dans ses missives'),
(67, 'Sir Marcus Roumulos', 'Markelus', 'Combattant', 'A une grande estime des forgerons et des prêtres et aime travailler avec eux'),
(68, 'Fredrick Munstein', 'Markelus', 'Combattant (Incorruptible)', 'A une très faible opinion des bardes, va droit au but dans ses requêtes'),
(69, 'Clovis Latreille', 'Markelus', 'Prêtre d\'Ayka', 'Préfère la compétition à la collaboration, perfectionniste'),
(70, 'Argentin Ostentor', 'Markelus', 'Prêtre de Golgoth (érudit)', 'Ouvert d\'esprit face aux démonistes, toujours extrêmement motivé à écrire des missives'),
(71, 'Iliora', 'Markelus', 'Prêtre de Mak\'Udar', 'En faveur de l\'entraînement intensif et de l\'utilisation de toutes ses ressources pour atteindre le savoir'),
(72, 'Adsila', 'Morétoile', 'Shaman', 'Vraiment très veille, philosophe, aime la tranquilité de la méditation'),
(73, 'Sousky Queue-noire', 'Novembre', 'Assassin', 'Sans gêne, indélicate, pose des questions troublantes et indiscrètes, exubérante'),
(74, 'Ciguë Drast', 'Premier-Trône', 'Alchimiste', 'Farceuse, séductrice, aime les expérimentations dangereuses'),
(75, 'Obélus Craquekrane', 'Premier-Trône', 'Combattant (prof de gladiateurs)', 'Crache sur la noblesse, endurcit ses élèves de façon brutale (en les obligeant à souffir de diverses façons)'),
(76, 'Vastum d\'Ardoul', 'Premier-Trône', 'Cultiste d\'Ottor-Kom', 'Raffole de destruction de produits de la nature (fruits, légumes, fleurs, etc.) par le feu et la putréfaction'),
(77, 'Patte Apuf', 'Premier-Trône', 'Expert en pièges', 'Ingénieux; innovateur; coquin, adore les explosions'),
(78, 'Trial', 'Premier-Trône', 'Forgeron', 'Ne sait pas écrire correctement (ex: Moi demander toi faire…), pas très brillant mais fait de son mieux'),
(79, 'Nauza Queue-Verte', 'Premier-Trône', 'Herboriste', 'Simplette, candide, naturelle, franche, finit parfois ses phrases avec \"oui-oui\" ou \"non-non\", très proche de ses émotions'),
(80, 'Grouille-Nuage', 'Premier-Trône', 'Shaman', 'Écrit des chiffres en additions de 1 (ex: 4 = 1+1+1+1), effrayante fixation sur les poupées (en demande dans ses rituels)'),
(81, 'Ahra', 'Prospérance', 'Arcaniste', 'Prétentieuse, se croit meilleure qu\'elle l\'est, charmante, impatiente'),
(82, 'Lesaonar Myrrelyl ,Ust M’elzar', 'Prospérance', 'Arcaniste', 'Pas très intéressant, superficiel, langage très soigné'),
(83, 'Fulfêtre Ghonorë', 'Prospérance', 'Barde', 'Drag Queen, Accueillant, amateur de pottins, charmeur, aime séduire ses élèves (masculins comme féminins)'),
(84, 'Gilbert Delavigne', 'Prospérance', 'Brasseur', 'Ivrogne de grande première (écrit toujours ses missives en état d\'ébriété sévère), autoritaire'),
(85, 'Merinid des 5 flammes obscures', 'Prospérance', 'Cultiste d\'Amaï-ra', 'Vicieuse; zélée; n\'aime pas les humains '),
(86, 'Trevor Vonkrakbam', 'Sanschênes', 'Combattant', 'N\'accepte pas les mauviettes, ne prend que les plus forts sous son aile, brutal'),
(87, 'Évangéline Audet', 'Sélarnes', 'Barde', 'Pleine de tendresse; Forte en émotions'),
(88, 'Aurelle', 'Sélarnes', 'Shaman', 'N\'aime pas les expressions trop flatteuses, bienveillante, délicate, pleine de bonté'),
(89, 'Maria Vinnychia-Landouille', 'Solèce', 'Brasseuse', 'Écrit avec un accent québécois rustre, femme de caractère et indépendante, fait des jeux de mots sur l\'alcool, farouche');

-- --------------------------------------------------------

--
-- Table structure for table `pouvoirs_specialisables`
--

CREATE TABLE `pouvoirs_specialisables` (
  `CodeCompSpec` varchar(10) COLLATE utf8mb4_general_ci NOT NULL,
  `Specialisation` varchar(100) COLLATE utf8mb4_general_ci NOT NULL
) ENGINE=InnoDB DEFAULT CHARSET=utf8mb4 COLLATE=utf8mb4_general_ci;

--
-- Dumping data for table `pouvoirs_specialisables`
--

INSERT INTO `pouvoirs_specialisables` (`CodeCompSpec`, `Specialisation`) VALUES
('ABJURATEUR', 'Runes de négation'),
('ABJURATEUR', 'Runes de protection'),
('ARCHIMAGE', 'Contre-sort'),
('ARCHIMAGE', 'Versatilité arcanique'),
('ASSASSIN', 'Assaut sournois'),
('ASSASSIN', 'Mort feinte'),
('ASSASSIN', 'Poison nécrotique'),
('AUGURE', 'Manipulation des destinés'),
('AUGURE', 'Vociférations haineuses'),
('BOTANISTE', 'Grand herbier'),
('BOTANISTE', 'Petite alchimie'),
('CHAMPION', 'Négation'),
('CHAMPION', 'Résistance à la magie'),
('CUIRASSE', 'Armure optimisée'),
('CUIRASSE', 'Bouclier indestructible'),
('CUIRASSE', 'Implacable'),
('DESTRUCT', 'Démolition'),
('DESTRUCT', 'Frappe destructrice'),
('DIPLOMATE', 'Incident diplomatique'),
('DIPLOMATE', 'Influence personnelle'),
('DIPLOMATE', 'Levier politique'),
('ESPION', 'Infiltration'),
('ESPION', 'Mythomane'),
('ESPION', 'Transformation avancée'),
('EXPERIM', 'Combinaison alchimique'),
('EXPERIM', 'Conflagration alchimique'),
('EXPERIM', 'Techniques raffinées'),
('FIARC', 'Infusion arcanique - Forge'),
('FIARC', 'Infusion arcanique - Ingénierie'),
('FOUGUERRE', 'Fureur sanguinaire'),
('FOUGUERRE', 'Maître de la colère'),
('FOUGUERRE', 'Moment de gloire'),
('FRIPON', 'Hypnose'),
('FRIPON', 'Substitution parfaite'),
('GARDIEN', 'Maître de la balance'),
('GARDIEN', 'Maître du changement'),
('GARDIEN', 'Maître du potentiel'),
('GUIDE', 'Incarnation des Esprits'),
('GUIDE', 'Voix des Esprits'),
('HERITIER', 'Aura arcanique / nécromantique'),
('HERITIER', 'Tisserand arcanique / nécromantique'),
('MAGEGUERRE', 'Armure arcanique'),
('MAGEGUERRE', 'Incantations martiales'),
('MAITRE', 'Science du combat'),
('MAITRE', 'Technique secrète'),
('MANIPUL', 'Contacts clandestins'),
('MANIPUL', 'Histoire crédible'),
('MENESTREL', 'Langage universel'),
('MENESTREL', 'Présence surnaturelle'),
('PALADIN', 'Arme divine'),
('PALADIN', 'Imposition des mains'),
('PROPHETE', 'Don divin'),
('PROPHETE', 'Volonté absolue'),
('RITUALISTE', 'Cristallisation éthérique'),
('RITUALISTE', 'Riteum majoris'),
('TENANCIER', 'Colère du tenancier'),
('TENANCIER', 'Confident'),
('TENANCIER', 'Vétéran du commerce');

-- --------------------------------------------------------

--
-- Table structure for table `profils_organisation`
--

CREATE TABLE `profils_organisation` (
  `Code` varchar(10) COLLATE utf8mb4_general_ci NOT NULL,
  `Nom` varchar(100) COLLATE utf8mb4_general_ci NOT NULL,
  `Description` longtext COLLATE utf8mb4_general_ci
) ENGINE=InnoDB DEFAULT CHARSET=utf8mb4 COLLATE=utf8mb4_general_ci;

--
-- Dumping data for table `profils_organisation`
--

INSERT INTO `profils_organisation` (`Code`, `Nom`, `Description`) VALUES
('A', 'Académique', 'Organisation basée sur le savoir et l’enseignement.'),
('C', 'Commercial', 'Organisation basée sur le commerce et les échanges.'),
('I', 'Interlope', 'Organisation basée sur le mystère et/ou l’illégalité.'),
('M', 'Militaire', 'Organisation basée sur la force et l’autorité.'),
('R', 'Religieux', 'Organisation basée sur la religion et les croyances.');

-- --------------------------------------------------------

--
-- Table structure for table `prosperite`
--

CREATE TABLE `prosperite` (
  `Niveau` int NOT NULL,
  `Nom` varchar(25) COLLATE utf8mb4_general_ci NOT NULL
) ENGINE=InnoDB DEFAULT CHARSET=utf8mb4 COLLATE=utf8mb4_general_ci;

--
-- Dumping data for table `prosperite`
--

INSERT INTO `prosperite` (`Niveau`, `Nom`) VALUES
(0, 'Inconnue'),
(1, 'Désastreuse'),
(2, 'Moyenne'),
(3, 'Bonne'),
(4, 'Exceptionnelle');

-- --------------------------------------------------------

--
-- Table structure for table `questionnaires`
--

CREATE TABLE `questionnaires` (
  `Code` varchar(7) COLLATE utf8mb4_general_ci NOT NULL,
  `Nom` varchar(150) COLLATE utf8mb4_general_ci NOT NULL,
  `Consignes` longtext COLLATE utf8mb4_general_ci NOT NULL,
  `TypeCible` varchar(5) COLLATE utf8mb4_general_ci NOT NULL,
  `CodeEtat` varchar(5) COLLATE utf8mb4_general_ci NOT NULL
) ENGINE=InnoDB DEFAULT CHARSET=utf8mb4 COLLATE=utf8mb4_general_ci;

--
-- Dumping data for table `questionnaires`
--

INSERT INTO `questionnaires` (`Code`, `Nom`, `Consignes`, `TypeCible`, `CodeEtat`) VALUES
('BGPERSO', 'Quel est l\'attitude de votre personnage envers...', 'Félicitation! Vous avez atteint le niveau 4! L\'Organisation des Terres de Bélénos souhaite maintenant en savoir un peu plus sur votre personnage. Veuillez s.v.p. répondre au questionnaire suivant. Vous pourrez ensuite poursuibre normalement vers votre fiche. ', 'PERSO', 'INACT'),
('EVOLPER', 'Quels sont vos plans d\'évolution pour ce personnage ?', 'Félicitation! Vous avez atteint le niveau 4! L\'Organisation souhaite maintenant en savoir un peu plus sur ce que vous planifiez pour ce personnage. Si vous avez de grands projets pour celui-ci, c\'est donc le meilleur moment pour nous en faire part. Autrement, le questionnaire suivant est facultatif et vous pourrez y répondre plus tard en utilisant l\'option « Autres/Questionnaires » de votre fiche de personnage.', 'PERSO', 'INACT');

-- --------------------------------------------------------

--
-- Table structure for table `questions`
--

CREATE TABLE `questions` (
  `CodeQuestionnaire` varchar(7) COLLATE utf8mb4_general_ci NOT NULL,
  `Numero` int NOT NULL,
  `SousTitre` varchar(100) COLLATE utf8mb4_general_ci DEFAULT NULL,
  `Question` varchar(150) COLLATE utf8mb4_general_ci NOT NULL,
  `TypeReponse` varchar(5) COLLATE utf8mb4_general_ci NOT NULL,
  `ListeChoix` varchar(4000) COLLATE utf8mb4_general_ci DEFAULT NULL
) ENGINE=InnoDB DEFAULT CHARSET=utf8mb4 COLLATE=utf8mb4_general_ci;

--
-- Dumping data for table `questions`
--

INSERT INTO `questions` (`CodeQuestionnaire`, `Numero`, `SousTitre`, `Question`, `TypeReponse`, `ListeChoix`) VALUES
('BGPERSO', 1, 'Magie arcanique', '... les arcanistes.', 'CHOIX', 'Haine viscérale;Animosité;Neutre;Affinité;Grand respect'),
('BGPERSO', 2, NULL, '... les utilisateurs d\'objets magiques.', 'CHOIX', 'Haine viscérale;Animosité;Neutre;Affinité;Grand respect'),
('BGPERSO', 3, NULL, '... la nécromancie.', 'CHOIX', 'Haine viscérale;Animosité;Neutre;Affinité;Grand respect'),
('BGPERSO', 4, NULL, '... les éléments réactifs et leur utilisation.', 'CHOIX', 'Haine viscérale;Animosité;Neutre;Affinité;Grand respect'),
('BGPERSO', 5, 'Religion', '... Golgoth.', 'CHOIX', 'Haine viscérale;Animosité;Neutre;Affinité;Grand respect'),
('BGPERSO', 6, NULL, '... les golgotiens.', 'CHOIX', 'Haine viscérale;Animosité;Neutre;Affinité;Grand respect'),
('BGPERSO', 7, NULL, '... Ayka.', 'CHOIX', 'Haine viscérale;Animosité;Neutre;Affinité;Grand respect'),
('BGPERSO', 8, NULL, '... les aykanites.', 'CHOIX', 'Haine viscérale;Animosité;Neutre;Affinité;Grand respect'),
('BGPERSO', 9, NULL, '... Galléon.', 'CHOIX', 'Haine viscérale;Animosité;Neutre;Affinité;Grand respect'),
('BGPERSO', 10, NULL, '... les galléonites.', 'CHOIX', 'Haine viscérale;Animosité;Neutre;Affinité;Grand respect'),
('BGPERSO', 11, NULL, '... Mak\'Udar.', 'CHOIX', 'Haine viscérale;Animosité;Neutre;Affinité;Grand respect'),
('BGPERSO', 12, NULL, '... les makudaris.', 'CHOIX', 'Haine viscérale;Animosité;Neutre;Affinité;Grand respect'),
('BGPERSO', 13, NULL, '... les Sibylles.', 'CHOIX', 'Haine viscérale;Animosité;Neutre;Affinité;Grand respect'),
('BGPERSO', 14, NULL, '... les sibylliens.', 'CHOIX', 'Haine viscérale;Animosité;Neutre;Affinité;Grand respect'),
('BGPERSO', 15, NULL, '... Sylva.', 'CHOIX', 'Haine viscérale;Animosité;Neutre;Affinité;Grand respect'),
('BGPERSO', 16, NULL, '... les sylvanites.', 'CHOIX', 'Haine viscérale;Animosité;Neutre;Affinité;Grand respect'),
('BGPERSO', 17, NULL, '... Usire.', 'CHOIX', 'Haine viscérale;Animosité;Neutre;Affinité;Grand respect'),
('BGPERSO', 18, NULL, '... les aédonites.', 'CHOIX', 'Haine viscérale;Animosité;Neutre;Affinité;Grand respect'),
('BGPERSO', 19, NULL, '... Gaea.', 'CHOIX', 'Haine viscérale;Animosité;Neutre;Affinité;Grand respect'),
('BGPERSO', 20, NULL, '... les gaéens.', 'CHOIX', 'Haine viscérale;Animosité;Neutre;Affinité;Grand respect'),
('BGPERSO', 21, NULL, '... Chaos.', 'CHOIX', 'Haine viscérale;Animosité;Neutre;Affinité;Grand respect'),
('BGPERSO', 22, NULL, '... les chaossiens.', 'CHOIX', 'Haine viscérale;Animosité;Neutre;Affinité;Grand respect'),
('BGPERSO', 23, NULL, '... Amaï\'ra.', 'CHOIX', 'Haine viscérale;Animosité;Neutre;Affinité;Grand respect'),
('BGPERSO', 24, NULL, '... les amaïs de toutes les races.', 'CHOIX', 'Haine viscérale;Animosité;Neutre;Affinité;Grand respect'),
('BGPERSO', 25, NULL, '... Godtakk.', 'CHOIX', 'Haine viscérale;Animosité;Neutre;Affinité;Grand respect'),
('BGPERSO', 26, NULL, '... les godtakkis.', 'CHOIX', 'Haine viscérale;Animosité;Neutre;Affinité;Grand respect'),
('BGPERSO', 27, NULL, '... Toyash.', 'CHOIX', 'Haine viscérale;Animosité;Neutre;Affinité;Grand respect'),
('BGPERSO', 28, NULL, '... les toïshme.', 'CHOIX', 'Haine viscérale;Animosité;Neutre;Affinité;Grand respect'),
('BGPERSO', 29, NULL, '... Kaalkhorn.', 'CHOIX', 'Haine viscérale;Animosité;Neutre;Affinité;Grand respect'),
('BGPERSO', 30, NULL, '... les kaalkhorniens.', 'CHOIX', 'Haine viscérale;Animosité;Neutre;Affinité;Grand respect'),
('BGPERSO', 31, NULL, '... Khalii.', 'CHOIX', 'Haine viscérale;Animosité;Neutre;Affinité;Grand respect'),
('BGPERSO', 32, NULL, '... les khaliiens.', 'CHOIX', 'Haine viscérale;Animosité;Neutre;Affinité;Grand respect'),
('BGPERSO', 33, NULL, '... Noctave.', 'CHOIX', 'Haine viscérale;Animosité;Neutre;Affinité;Grand respect'),
('BGPERSO', 34, NULL, '... les noctaviens.', 'CHOIX', 'Haine viscérale;Animosité;Neutre;Affinité;Grand respect'),
('BGPERSO', 35, NULL, '... Ottor-Kom.', 'CHOIX', 'Haine viscérale;Animosité;Neutre;Affinité;Grand respect'),
('BGPERSO', 36, NULL, '... les fidèles d\'Ottor-Kom.', 'CHOIX', 'Haine viscérale;Animosité;Neutre;Affinité;Grand respect'),
('BGPERSO', 37, NULL, '... les Esprits.', 'CHOIX', 'Haine viscérale;Animosité;Neutre;Affinité;Grand respect'),
('BGPERSO', 38, NULL, '... le négationnisme.', 'CHOIX', 'Haine viscérale;Animosité;Neutre;Affinité;Grand respect'),
('BGPERSO', 39, 'Races', '... les humains.', 'CHOIX', 'Haine viscérale;Animosité;Neutre;Affinité;Grand respect'),
('BGPERSO', 40, NULL, '... les elfes.', 'CHOIX', 'Haine viscérale;Animosité;Neutre;Affinité;Grand respect'),
('BGPERSO', 41, NULL, '... les nains.', 'CHOIX', 'Haine viscérale;Animosité;Neutre;Affinité;Grand respect'),
('BGPERSO', 42, NULL, '... les chapardeurs.', 'CHOIX', 'Haine viscérale;Animosité;Neutre;Affinité;Grand respect'),
('BGPERSO', 43, NULL, '... les hommes-lézards.', 'CHOIX', 'Haine viscérale;Animosité;Neutre;Affinité;Grand respect'),
('BGPERSO', 44, NULL, '... les orcs.', 'CHOIX', 'Haine viscérale;Animosité;Neutre;Affinité;Grand respect'),
('BGPERSO', 45, NULL, '... les gobelins.', 'CHOIX', 'Haine viscérale;Animosité;Neutre;Affinité;Grand respect'),
('BGPERSO', 46, NULL, '... les elfes noirs.', 'CHOIX', 'Haine viscérale;Animosité;Neutre;Affinité;Grand respect'),
('BGPERSO', 47, NULL, '... les hommes-rats.', 'CHOIX', 'Haine viscérale;Animosité;Neutre;Affinité;Grand respect'),
('BGPERSO', 48, NULL, '... les gnolls.', 'CHOIX', 'Haine viscérale;Animosité;Neutre;Affinité;Grand respect'),
('BGPERSO', 50, 'Politique', '... l\'Aurélius.', 'CHOIX', 'Haine viscérale;Animosité;Neutre;Affinité;Grand respect'),
('BGPERSO', 51, NULL, '... le Royaume de Dagoth.', 'CHOIX', 'Haine viscérale;Animosité;Neutre;Affinité;Grand respect'),
('BGPERSO', 52, NULL, '... Le Conclave Impérial.', 'CHOIX', 'Haine viscérale;Animosité;Neutre;Affinité;Grand respect'),
('BGPERSO', 53, NULL, '... la Griffe de l\'Ouest et l\'Ilfirin Taurë.', 'CHOIX', 'Haine viscérale;Animosité;Neutre;Affinité;Grand respect'),
('BGPERSO', 54, NULL, '... la noblesse en général.', 'CHOIX', 'Haine viscérale;Animosité;Neutre;Affinité;Grand respect'),
('BGPERSO', 55, NULL, '... l\'aristocratie héréditaire (le sang noble dirige).', 'CHOIX', 'Haine viscérale;Animosité;Neutre;Affinité;Grand respect'),
('BGPERSO', 56, NULL, '... la méritocratie (les plus méritants dirigent).', 'CHOIX', 'Haine viscérale;Animosité;Neutre;Affinité;Grand respect'),
('BGPERSO', 57, 'Autres', '... l\'esclavage.', 'CHOIX', 'Haine viscérale;Animosité;Neutre;Affinité;Grand respect'),
('BGPERSO', 58, NULL, '... l\'utilisation de poisons.', 'CHOIX', 'Haine viscérale;Animosité;Neutre;Affinité;Grand respect'),
('BGPERSO', 59, NULL, '... l\'utilisation de drogues.', 'CHOIX', 'Haine viscérale;Animosité;Neutre;Affinité;Grand respect'),
('BGPERSO', 60, NULL, '... la science et ses créations.', 'CHOIX', 'Haine viscérale;Animosité;Neutre;Affinité;Grand respect'),
('BGPERSO', 61, NULL, '... la préservation de la nature', 'CHOIX', 'Haine viscérale;Animosité;Neutre;Affinité;Grand respect'),
('EVOLPER', 1, 'Géopolitique', 'J\'ai pour plan de devenir baron, comte ou duc.', 'CHOIX', 'Non;Baron;Comte;Duc;Autre'),
('EVOLPER', 2, NULL, 'J\'ai l\'intention de bâtir une grande institution', 'CHOIX', 'Non;Militaire;Religieuse;Arcanique;Interlope;Commerciale'),
('EVOLPER', 3, NULL, 'J\'ai l\'intention de partir/poursuivre une guerre.', 'CHOIX', 'Non;Conquête;Retribution;Chaos'),
('EVOLPER', 4, 'Titres de prestige', 'Je veux devenir Cuirassé.', 'BOOL', 'Oui'),
('EVOLPER', 5, NULL, '... Destructeur.', 'BOOL', 'Oui'),
('EVOLPER', 6, NULL, '... Fou de guerre.', 'BOOL', 'Oui'),
('EVOLPER', 7, NULL, '... Guerrier négateur.', 'BOOL', 'Oui'),
('EVOLPER', 8, NULL, '... Maître d\'armes.', 'BOOL', 'Oui'),
('EVOLPER', 9, NULL, '... Abjurateur.', 'BOOL', 'Oui'),
('EVOLPER', 10, NULL, '... Archimage.', 'BOOL', 'Oui'),
('EVOLPER', 11, NULL, '... Guerrier arcanique.', 'BOOL', 'Oui'),
('EVOLPER', 12, NULL, '... Ritualiste.', 'BOOL', 'Oui'),
('EVOLPER', 13, NULL, '... Prophète.', 'BOOL', 'Oui'),
('EVOLPER', 14, NULL, '... Seigneur paladin/Seigneur ténébreux.', 'BOOL', 'Oui'),
('EVOLPER', 15, NULL, '... Gardien de la Voie.', 'BOOL', 'Oui'),
('EVOLPER', 16, NULL, '... Guide spirituel.', 'BOOL', 'Oui'),
('EVOLPER', 17, NULL, '... Sorcier/Augure.', 'BOOL', 'Oui'),
('EVOLPER', 18, NULL, '... Assassin.', 'BOOL', 'Oui'),
('EVOLPER', 19, NULL, '... Envoûteur.', 'BOOL', 'Oui'),
('EVOLPER', 20, NULL, '... Espion.', 'BOOL', 'Oui'),
('EVOLPER', 21, NULL, '... Fripon/Escroc.', 'BOOL', 'Oui'),
('EVOLPER', 22, NULL, '... Ménestrel.', 'BOOL', 'Oui'),
('EVOLPER', 23, NULL, '... Expérimentateur.', 'BOOL', 'Oui'),
('EVOLPER', 24, NULL, '... Forestier.', 'BOOL', 'Oui'),
('EVOLPER', 25, NULL, '... Forgeron arcanique/Ingénieur arcanique.', 'BOOL', 'Oui'),
('EVOLPER', 26, NULL, '... Maître tenancier.', 'BOOL', 'Oui'),
('EVOLPER', 27, 'Êtres mythiques', 'Je veux devenir Archon.', 'BOOL', 'Oui'),
('EVOLPER', 28, NULL, '... Liche.', 'BOOL', 'Oui'),
('EVOLPER', 29, NULL, '... Vampire.', 'BOOL', 'Oui'),
('EVOLPER', 30, NULL, '... Loup-garou.', 'BOOL', 'Oui'),
('EVOLPER', 31, NULL, '... Avatar.', 'BOOL', 'Oui');

-- --------------------------------------------------------

--
-- Table structure for table `races`
--

CREATE TABLE `races` (
  `Code` varchar(10) COLLATE utf8mb4_general_ci NOT NULL,
  `Nom` varchar(100) COLLATE utf8mb4_general_ci NOT NULL,
  `CodeUnivers` varchar(10) COLLATE utf8mb4_general_ci NOT NULL DEFAULT 'BELE'
) ENGINE=InnoDB DEFAULT CHARSET=utf8mb4 COLLATE=utf8mb4_general_ci;

--
-- Dumping data for table `races`
--

INSERT INTO `races` (`Code`, `Nom`, `CodeUnivers`) VALUES
('AMAI', 'Amaï', 'BELE'),
('AMAI', 'Amaï', 'BELEJR'),
('CHAPPY', 'Chapardeur', 'BELE'),
('CHAPPY', 'Chapardeur', 'BELEJR'),
('DEMI', 'Demi-mort', 'BELE'),
('DEMI', 'Demi-mort', 'BELEJR'),
('ELFE', 'Elfe', 'BELE'),
('ELFE', 'Elfe', 'BELEJR'),
('GNOLL', 'Gnoll', 'BELE'),
('GNOLL', 'Gnoll', 'BELEJR'),
('GOBELIN', 'Gobelin', 'BELE'),
('GOBELIN', 'Gobelin', 'BELEJR'),
('HLEZARD', 'Homme-lézard', 'BELE'),
('HLEZARD', 'Homme-lézard', 'BELEJR'),
('HRAT', 'Homme-rat', 'BELE'),
('HRAT', 'Homme-rat', 'BELEJR'),
('HUMAIN', 'Humain', 'BELE'),
('HUMAIN', 'Humain', 'BELEJR'),
('HUMAIN', 'Humain', 'TERNOC'),
('NAIN', 'Nain', 'BELE'),
('NAIN', 'Nain', 'BELEJR'),
('ORC', 'Orc', 'BELE'),
('ORC', 'Orc', 'BELEJR');

-- --------------------------------------------------------

--
-- Table structure for table `recettes`
--

CREATE TABLE `recettes` (
  `CodeCompReg` varchar(10) COLLATE utf8mb4_general_ci NOT NULL,
  `Nom` varchar(100) COLLATE utf8mb4_general_ci NOT NULL,
  `Niveau` int NOT NULL DEFAULT '0'
) ENGINE=InnoDB DEFAULT CHARSET=utf8mb4 COLLATE=utf8mb4_general_ci;

--
-- Dumping data for table `recettes`
--

INSERT INTO `recettes` (`CodeCompReg`, `Nom`, `Niveau`) VALUES
('RECETA', 'Acide caustique', 1),
('RECETA', 'Antidote', 1),
('RECETA', 'Apaisement', 2),
('RECETA', 'Catalepsie', 4),
('RECETA', 'Colle magique', 3),
('RECETA', 'Conservation', 1),
('RECETA', 'Contrat de sang', 4),
('RECETA', 'Cristal solaire', 2),
('RECETA', 'Dent piégée', 4),
('RECETA', 'Douleur', 2),
('RECETA', 'Encre magique', 1),
('RECETA', 'Faiblesse', 1),
('RECETA', 'Faiblesse extrême', 3),
('RECETA', 'Folie', 2),
('RECETA', 'Force', 2),
('RECETA', 'Grands soins', 2),
('RECETA', 'Homoncule', 4),
('RECETA', 'Intoxication', 2),
('RECETA', 'Ivresse', 1),
('RECETA', 'Liquide phosphorescent', 1),
('RECETA', 'Mémoire', 4),
('RECETA', 'Migraine', 2),
('RECETA', 'Non-sentiment', 3),
('RECETA', 'Ogre enragé', 4),
('RECETA', 'Oubli', 3),
('RECETA', 'Philtre d’envoûtement', 3),
('RECETA', 'Poison alchimique', 2),
('RECETA', 'Poison mortel', 3),
('RECETA', 'Poudre d’effroi', 1),
('RECETA', 'Poudre d’escampette', 4),
('RECETA', 'Poudre hypnotique', 2),
('RECETA', 'Poudre noire', 1),
('RECETA', 'Pureté', 3),
('RECETA', 'Rage', 2),
('RECETA', 'Résilience', 1),
('RECETA', 'Révélateur', 4),
('RECETA', 'Salamandre', 3),
('RECETA', 'Scarabée de feu', 3),
('RECETA', 'Sceau inviolable', 3),
('RECETA', 'Soins', 1),
('RECETA', 'Soins du corps', 3),
('RECETA', 'Solvant universel', 4),
('RECETA', 'Sombre élixir', 2),
('RECETA', 'Somnifère', 1),
('RECETA', 'Toile de fer', 1),
('RECETA', 'Transformation', 4),
('RECETA', 'Vapeurs d’éther', 2),
('RECETA', 'Vecteur', 4),
('RECETA', 'Vérité', 3),
('RECETA', 'Zombification', 1),
('RECETH', 'Antisceptique', 1),
('RECETH', 'Assaisonnement curatif', 2),
('RECETH', 'Baume de soins', 1),
('RECETH', 'Baume médicinal', 3),
('RECETH', 'Café stimulant', 1),
('RECETH', 'Décomposition', 2),
('RECETH', 'Encens de méditation', 1),
('RECETH', 'Encens hallucinogène', 1),
('RECETH', 'Enduit vital', 2),
('RECETH', 'Épices de conservation', 3),
('RECETH', 'Gelée royale', 2),
('RECETH', 'Gueule de bois', 1),
('RECETH', 'Mal de tête', 1),
('RECETH', 'Nux Vomica', 3),
('RECETH', 'Papyrus', 2),
('RECETH', 'Paresse', 2),
('RECETH', 'Poison naturel', 2),
('RECETH', 'Poudre de paralysie', 3),
('RECETH', 'Poudre d’or', 3),
('RECETH', 'Sirop euphorisant', 2),
('RECETH', 'Sirop pour la voix', 1),
('RECETH', 'Vif-esprit', 3);

-- --------------------------------------------------------

--
-- Table structure for table `religions`
--

CREATE TABLE `religions` (
  `Code` varchar(10) COLLATE utf8mb4_general_ci NOT NULL,
  `Nom` varchar(100) COLLATE utf8mb4_general_ci NOT NULL,
  `Type` varchar(10) COLLATE utf8mb4_general_ci NOT NULL,
  `Description` longtext COLLATE utf8mb4_general_ci
) ENGINE=InnoDB DEFAULT CHARSET=utf8mb4 COLLATE=utf8mb4_general_ci;

--
-- Dumping data for table `religions`
--

INSERT INTO `religions` (`Code`, `Nom`, `Type`, `Description`) VALUES
('ADEMOS', 'Ademos', 'AUTRE', 'À venir...'),
('ADETERM', 'À déterminer', 'SPECIAL', 'Religion à déterminer.'),
('AMAIRA', 'Amaï\'ra', 'DEMON', 'Ancienne déesse de la magie et des elfes, elle a rejoint les démons il y a des siècles, ce qui la transforma à jamais. Elle entraîna aussi avec elle ses suivants, créant ainsi la race Elfe noire. Son comportement est changeant et arrogant, comme ses suivants. La Reine des araignées cherchera toujours à étendre sa toile, gardant ses ennemis sur leurs gardes. Son culte étant matriarcal, elle est donc aussi la patronne des sorcières, oracles et autres femmes arcanistes laissées pour compte.'),
('AYKA', 'Ayka', 'DIEU', 'Celle qui jadis était la compagne de Galléon est aujourd\'hui la Mère vengeresse. Ayka mets de l\'avant la nécessité de la rétribution et oblige à montrer la férocité dont peut faire preuve le vrai fidèle. Bien qu\'elle soit une déesse, ses préceptes tendent souvent vers des comportements difficilement acceptés par la majorité, ce qui fait d\'elle un mouton noir dans le panthéon.'),
('CHAOS', 'Chaos', 'DEMON', 'Chaos est l\'ombre destructrice planant au-dessus d\'Illimune et de l\'univers tout entier. Il est difficile de comprendre les aspirations profondes de Chaos, ce dieu originel étant aussi ancien que puissant. Toutefois, on sait de lui qu\'il est l\'image même de la destruction et de la création, cherchant à détruire ce qui Est et à créer ce qui n\'Est pas. Inévitablement, son retour serait donc synonyme d\'apocalypse. Heureusement, depuis son dernier éveil, Golgoth le maîtrise activement, l\'empêchant de mettre à bien ses ambitions nihilistes.'),
('DAGOTH', 'Dagoth', 'DEMON', 'À venir...'),
('ESPRITC', 'Les esprits (Chaos)', 'AUTRE', 'Vous priez les esprits ancestraux.'),
('ESPRITO', 'Les esprits (Ordre)', 'AUTRE', 'Vous priez les esprits ancestraux.'),
('ESPRITS', 'Les esprits', 'SPECIAL', 'Vous priez les esprits ancestraux.'),
('GAEA', 'Gaea', 'DIEU', 'Gaea est la déesse de la nature, et elle est incarnée dans tous les éléments de la nature, du plus petit insecte à la terre qui recouvre le monde entier, des aspects bénéfiques des plantes à la destruction apportée par les tremblements de terre et les tsunamis. Rares sont les dieux aussi présents qu’elle dans le monde des mortels. Elle représente également une neutralité quasi absolue, tel l’arbre qui se contente d’exister. Son principal ennemi est le démon Ottor-Kom qui cherche à dénaturer son oeuvre. L’archétype du druide tel que vu dans d’autres jeux sera représenté à Bélénos par le prêtre de Gaea.'),
('GALLEON', 'Galléon', 'DIEU', 'L\'Individualisme est le domaine de Galléon. Il demande incessamment à ses suivants de démontrer leur supériorité sur leurs ennemis, et même sur leurs voisins. Pour lui, seuls les plus forts peuvent faire évoluer les choses et, en mettant de l\'avant cette perfection, il ne peut qu\'améliorer la race humaine. Galléon ne demande pas nécessairement de prouver sa supériorité que par le fer; le verbe et la théologie sont des armes tout aussi tranchantes qu\'une lame lorsque bien utilisées.'),
('GASTON', 'Gaston', 'SPECIAL', 'Pas vraiment un dieu, mais c\'est tout comme.'),
('GODTAKK', 'Godtakk', 'DEMON', 'Grand démon de la rage et de la violence, Godtakk a retrouvé une puissance nouvelle avec le retour de Chaos. Épargné par ce dernier, Godtakk en est désormais le champion parmi les démons. Véritable fou de guerre démoniaque, il est le chien enragé qu\'aucun démon ne veut avoir contre lui. À la fois avec et contre tous, il n\'a que deux buts : maintenir l\'anarchie parmi le chaos et massacrer ceux doutant de sa force.'),
('GOLGOTH', 'Golgoth', 'DIEU', 'Après s\'être éloigné des mortels pour empêcher la domination de Chaos, Golgoth reste, depuis la création, celui qui maintient le fragile équilibre dans lequel les êtres d\'Illimune vivent. Son jugement millénaire et absolu est certes critiqué mais a su préserver le Monde de la destruction causée par Chaos. Il ne faut pas se méprendre, Golgoth n’est pas un dieu qui croit en l’équilibre. La balance bouge et c’est normal. Chaque événement est dans l’ordre des choses. Golgoth n\'offre son pouvoir qu\'à de très rares mortels. Ses suivants ont tendance à être retirés et contemplatifs.'),
('KAALKH', 'Kaalkhorn', 'DEMON', 'Kaalkhorn est le démon de ceux qui poussent trop loin l\'individualisme de Galléon. Ses vaniteux suivants, cherchant les titres de pouvoir avant tout, apprécient le pouvoir qu\'ils peuvent acquérir en trompant ceux qui les entourent. Depuis la disparition d\'Azaroth, son rival de toujours, il cherche à prendre la place du sommet démoniaque. C\'est le chevalier noir, cherchant à corrompre les seigneurs et amasser le plus grand pouvoir politique. Il encourage autant le dirigeant despotique que le sombre combattant qui cherche à faire régner la terreur sur le champ de bataille.'),
('KHALII', 'Khalii', 'DEMON', 'Khalii est la personnification de l’excès. C’est la gardienne des profiteurs, des assassins, des extrémistes et de tous ceux qui poussent leurs vices à l’extrême. Avec l\'accumulation des pouvoirs qu\'elle a obtenus et le toucher de Chaos, elle plane entre les délires luxurieux, une once de folie et une lucidité alarmante. Elle est la mère des vices, des êtres de peu de vertus et des marchands crapuleux. Tous s\'en éloignent, car outre son tempérament capricieux, volatile et changeant, une sombre rumeur prétend que Chaos fit plus que la corrompre, et que de son univers naîtra une horreur sans nom.'),
('MADOR', 'Mador (mort)', 'SPECIAL', 'Ancien dieu créateur de l\'Ordre.'),
('MAKUDAR', 'Mak\'Udar', 'DIEU', 'Dieu de la forge, de la droiture et du courage, Mak\'Udar est aujourd\'hui prié aux quatre coins d\'Illimune. Son culte sans cesse grandissant attire les fidèles de toutes les races et de toutes les cultures. Anciennement le dieu des Nains, Mak\'Udar a ouvert son dogme à la population d\'Illimune pour partager avec l\'ensemble des races civilisées d\'Illimune ses valeurs : le travail honorable et bien fait, la protection des siens, le sens du devoir, ainsi que le fait de savoir bien se nettoyer le gosier avec une bonne bière après les efforts de la vie quotidienne. Mak\'Udar se veut simple et solide comme la pierre et le fer, le berceau de son dogme. Aujourd\'hui, il est autant vénéré par les soldats protecteurs que par les artisans et marchands fiers de leur art.'),
('MUSE', 'Muse (morte)', 'SPECIAL', 'Déesse morte de la Beauté et des Arts.'),
('NOCTAVE', 'Noctave', 'DEMON', 'La Mort est l\'Ordre par excellence. La nécromancie est l\'arme du gardien de cet Ordre. Noctave recherche l\'élite dans la mort : les morts-vivants intelligents et élitistes. Noctave est donc très différent de son prédécesseur Mortis par le fait qu\'il ne cherche pas nécessairement à lever une horde grouillante et gémissante, mais bien à engendrer le mort-vivant parfait. Il cherche toujours à avoir une ascendance sur la mort elle-même, souhaitant établir un empire éternel et immuable où le pouvoir nécromant serait maître. Il désire ainsi unifier les plus puissants des vivants dans la mort, les condamnant à le servir dans les tourments et la soumission pour l\'éternité.'),
('OTTOKOM', 'Ottor-Kom', 'DEMON', 'L\'abominable Ottor-Kom est le penchant tribal des démonistes. Surnommé le dévoreur d’âmes, c’est un démon obscur prisé par les shamans vénérant les esprits les plus féroces et les plus sombres, de même que par les Orcs tribaux. Il est maître des esprits des morts et non des morts-vivants, qu\'il voit comme des esprits emprisonnés, coupés de le rejoindre et de le nourrir.'),
('SIBYL', 'Les Sibylles', 'DIEU', 'Regroupement de quatre déités mineures, les Sibylles sont les voyageurs festifs des dieux, formant comme une famille de nomades. Se déplaçant d\'un domaine divin à un autre, elles font fi des conventions divines et aident selon leurs propres idéaux leurs frères et soeurs du panthéon céleste. Malgré cet esprit fort axé sur le libertinage, les Sibylles vouent tout de même une haine sans borne à tout ce qui est démoniaque, ces êtres étant la négation même de la beauté et de la joie.'),
('SYLVA', 'Sylva', 'DIEU', 'La déesse de la magie et de la connaissance prône l’harmonisation de la Toile magique et une utilisation justifiée, altruiste de celle-ci. Elle est la Patronne de la Magie Arcanique du côté de l\'Ordre. Les abus de même que les excès la révulsent et elle cherche toujours à protéger et entretenir la Toile telle une mère protégeant son enfant. Elle valorise la connaissance, l\'érudition et le raffinement des arts arcanes. Elle entretient des relations tendues avec Mak\'Udar qui opte plus souvent pour la voie des armes et du métal. Ayant été jadis priée surtout par les elfes, son amitié avec Gaea n\'a d\'égal que sa profonde haine pour Amaï\'ra qui a corrompu une partie de son peuple et lui oppose aujourd\'hui sa vision machiavélique de la magie.'),
('THAROS', 'Tharôs (mort)', 'SPECIAL', 'Dieu mort de la Chance.'),
('TOYASH', 'Toyash', 'DEMON', 'Des flammes de la mort de Goldo, Toyash émergea. Il est impossible de savoir s’il s’agit du même démon transformé ou d’un autre qui l’aurait consommé, mais dès sa naissance, elle prit place dans la forge infernale de son ancêtre et continua son oeuvre. Démone toujours baignée de flammes, le feu est son arme, son outil et l’esclave de sa volonté. Vénérer Toyash, c’est utiliser son don du feu pour tuer ses ennemis, pour créer les plus grands chefs d’oeuvres d’ingéniosité ou pour implorer ses pouvoirs. Le médiateur des démons est mort avec Goldo, Toyash encourage l’opiniâtreté et l’absence de compromis. Toyash ne veut pas de priants faibles d’esprit, seuls ceux animés d’une curiosité passionnée et d’une volonté à toute épreuve méritent son approbation.'),
('USIRE', 'Usire', 'DIEU', 'Usire, Lumière du peuple, veut toujours guider l\'humanité vers une meilleure existence. S\'imprégnant des valeurs de Vaul, Usire incarne aussi la Loyauté ainsi que l\'Honneur, que ce soit au niveau de la guerre comme au niveau du peuple. Il est un exemple de bonté et de pardon mais aussi le Père de l’idée d\'une race humaine unie et forte dans l\'adversité. Les priants d’Usire sont aussi appelés des Aédonites, puisqu’il portait le nom d’Usire Aédon lorsqu’il était humain.'),
('VAUL', 'Vaul (mort)', 'SPECIAL', 'Dieu mort de l\'Honneur et du Devoir.');

-- --------------------------------------------------------

--
-- Table structure for table `religions_interdites`
--

CREATE TABLE `religions_interdites` (
  `NoSeq` int NOT NULL,
  `CodeRace` varchar(10) COLLATE utf8mb4_general_ci NOT NULL,
  `CodeReligion` varchar(10) COLLATE utf8mb4_general_ci DEFAULT NULL,
  `TypeReligion` varchar(10) COLLATE utf8mb4_general_ci DEFAULT NULL
) ENGINE=InnoDB DEFAULT CHARSET=utf8mb4 COLLATE=utf8mb4_general_ci;

--
-- Dumping data for table `religions_interdites`
--

INSERT INTO `religions_interdites` (`NoSeq`, `CodeRace`, `CodeReligion`, `TypeReligion`) VALUES
(1, 'GOBELIN', NULL, 'DIEU'),
(2, 'CHAPPY', NULL, 'DEMON'),
(3, 'ELFE', NULL, 'DEMON'),
(4, 'NAIN', NULL, 'DEMON'),
(5, 'ORC', NULL, 'DIEU'),
(6, 'AMAI', NULL, 'DIEU'),
(7, 'HRAT', NULL, 'DIEU'),
(8, 'NAIN', 'SYLVA', NULL),
(9, 'ELFE', 'MAKUDAR', NULL),
(10, 'CHAPPY', 'USIRE', NULL),
(11, 'CHAPPY', 'SYLVA', NULL),
(12, 'CHAPPY', 'MAKUDAR', NULL),
(13, 'CHAPPY', 'GAEA', NULL),
(14, 'CHAPPY', 'GALLEON', NULL),
(15, 'CHAPPY', 'AYKA', NULL),
(16, 'HRAT', 'AMAIRA', NULL),
(18, 'CHAPPY', NULL, 'AUTRE'),
(24, 'CHAPPY', 'GOLGOTH', NULL),
(25, 'HLEZARD', NULL, 'DEMON'),
(26, 'GNOLL', NULL, 'DIEU'),
(38, 'AMAI', 'ESPRITO', NULL),
(39, 'AMAI', 'ESPRITC', NULL),
(40, '', NULL, NULL),
(41, 'NAIN', 'ESPRITC', NULL),
(42, 'ELFE', 'ESPRITC', NULL),
(43, 'HLEZARD', 'ESPRITC', NULL),
(44, 'ORC', 'ESPRITO', NULL),
(45, 'GOBELIN', 'ESPRITO', NULL),
(46, 'HRAT', 'ESPRITO', NULL),
(47, 'GNOLL', 'ESPRITO', NULL),
(48, 'ELFE', 'GALLEON', NULL),
(49, 'NAIN', 'GALLEON', NULL);

-- --------------------------------------------------------

--
-- Table structure for table `sorts`
--

CREATE TABLE `sorts` (
  `CodeCompReg` varchar(10) COLLATE utf8mb4_general_ci NOT NULL,
  `CodeReligion` varchar(10) COLLATE utf8mb4_general_ci NOT NULL DEFAULT 'S.O.',
  `Niveau` int NOT NULL DEFAULT '0',
  `Nom` varchar(100) COLLATE utf8mb4_general_ci NOT NULL
) ENGINE=InnoDB DEFAULT CHARSET=utf8mb4 COLLATE=utf8mb4_general_ci;

--
-- Dumping data for table `sorts`
--

INSERT INTO `sorts` (`CodeCompReg`, `CodeReligion`, `Niveau`, `Nom`) VALUES
('SORT1', 'ADEMOS', 1, 'Ancrage'),
('SORT1', 'ADEMOS', 1, 'Antipoison'),
('SORT1', 'ADEMOS', 1, 'Armure mineure'),
('SORT1', 'ADEMOS', 1, 'Bourrasque'),
('SORT1', 'ADEMOS', 1, 'Charme de peur'),
('SORT1', 'ADEMOS', 1, 'Contemplation'),
('SORT1', 'ADEMOS', 1, 'Identification faussée'),
('SORT1', 'ADEMOS', 1, 'Moquerie'),
('SORT1', 'ADEMOS', 1, 'Pitié'),
('SORT1', 'ADEMOS', 1, 'Soins mineurs'),
('SORT1', 'AMAIRA', 1, 'Antipoison'),
('SORT1', 'AMAIRA', 1, 'Armure mineure'),
('SORT1', 'AMAIRA', 1, 'Aveuglement'),
('SORT1', 'AMAIRA', 1, 'Bénédiction'),
('SORT1', 'AMAIRA', 1, 'Charme de peur'),
('SORT1', 'AMAIRA', 1, 'Exorcisme'),
('SORT1', 'AMAIRA', 1, 'Identification faussée'),
('SORT1', 'AMAIRA', 1, 'Moquerie'),
('SORT1', 'AMAIRA', 1, 'Soins mineurs'),
('SORT1', 'AMAIRA', 1, 'Symbole religieux'),
('SORT1', 'AYKA', 1, 'Antipoison'),
('SORT1', 'AYKA', 1, 'Armure mineure'),
('SORT1', 'AYKA', 1, 'Aveuglement'),
('SORT1', 'AYKA', 1, 'Bénédiction'),
('SORT1', 'AYKA', 1, 'Charme de peur'),
('SORT1', 'AYKA', 1, 'Exorcisme'),
('SORT1', 'AYKA', 1, 'Identification faussée'),
('SORT1', 'AYKA', 1, 'Moquerie'),
('SORT1', 'AYKA', 1, 'Soins mineurs'),
('SORT1', 'AYKA', 1, 'Symbole religieux'),
('SORT1', 'CHAOS', 1, 'Armure mineure'),
('SORT1', 'CHAOS', 1, 'Aveuglement'),
('SORT1', 'CHAOS', 1, 'Charme de peur'),
('SORT1', 'CHAOS', 1, 'Charme personne'),
('SORT1', 'CHAOS', 1, 'Contemplation'),
('SORT1', 'CHAOS', 1, 'Exorcisme'),
('SORT1', 'CHAOS', 1, 'Identification faussée'),
('SORT1', 'CHAOS', 1, 'Lumière'),
('SORT1', 'CHAOS', 1, 'Moquerie'),
('SORT1', 'CHAOS', 1, 'Soins mineurs'),
('SORT1', 'DAGOTH', 1, 'Armure mineure'),
('SORT1', 'DAGOTH', 1, 'Charme de peur'),
('SORT1', 'DAGOTH', 1, 'Contemplation'),
('SORT1', 'DAGOTH', 1, 'Course folle'),
('SORT1', 'DAGOTH', 1, 'Exorcisme'),
('SORT1', 'DAGOTH', 1, 'Identification faussée'),
('SORT1', 'DAGOTH', 1, 'Moquerie'),
('SORT1', 'DAGOTH', 1, 'Obstination bornée'),
('SORT1', 'DAGOTH', 1, 'Symbole religieux'),
('SORT1', 'DAGOTH', 1, 'Toucher vampirique'),
('SORT1', 'ESPRITS', 1, 'Ancrage'),
('SORT1', 'ESPRITS', 1, 'Antipoison'),
('SORT1', 'ESPRITS', 1, 'Armure des morts'),
('SORT1', 'ESPRITS', 1, 'Aveuglement'),
('SORT1', 'ESPRITS', 1, 'Bourrasque'),
('SORT1', 'ESPRITS', 1, 'Charme de peur'),
('SORT1', 'ESPRITS', 1, 'Contrôle des morts-vivants'),
('SORT1', 'ESPRITS', 1, 'Exorcisme'),
('SORT1', 'ESPRITS', 1, 'Lumière'),
('SORT1', 'ESPRITS', 1, 'Obstination bornée'),
('SORT1', 'ESPRITS', 1, 'Peau d\'écorce'),
('SORT1', 'ESPRITS', 1, 'Zombies'),
('SORT1', 'GAEA', 1, 'Ancrage'),
('SORT1', 'GAEA', 1, 'Antipoison'),
('SORT1', 'GAEA', 1, 'Bénédiction'),
('SORT1', 'GAEA', 1, 'Bourrasque'),
('SORT1', 'GAEA', 1, 'Charme de peur'),
('SORT1', 'GAEA', 1, 'Contemplation'),
('SORT1', 'GAEA', 1, 'Lumière'),
('SORT1', 'GAEA', 1, 'Peau d\'écorce'),
('SORT1', 'GAEA', 1, 'Pitié'),
('SORT1', 'GAEA', 1, 'Soins mineurs'),
('SORT1', 'GALLEON', 1, 'Armure mineure'),
('SORT1', 'GALLEON', 1, 'Aveuglement'),
('SORT1', 'GALLEON', 1, 'Bénédiction'),
('SORT1', 'GALLEON', 1, 'Charme de peur'),
('SORT1', 'GALLEON', 1, 'Exorcisme'),
('SORT1', 'GALLEON', 1, 'Lame tranchante'),
('SORT1', 'GALLEON', 1, 'Moquerie'),
('SORT1', 'GALLEON', 1, 'Obstination bornée'),
('SORT1', 'GALLEON', 1, 'Soins mineurs'),
('SORT1', 'GALLEON', 1, 'Symbole religieux'),
('SORT1', 'GODTAKK', 1, 'Ancrage'),
('SORT1', 'GODTAKK', 1, 'Antipoison'),
('SORT1', 'GODTAKK', 1, 'Armure mineure'),
('SORT1', 'GODTAKK', 1, 'Bénédiction'),
('SORT1', 'GODTAKK', 1, 'Charme de peur'),
('SORT1', 'GODTAKK', 1, 'Course folle'),
('SORT1', 'GODTAKK', 1, 'Lame tranchante'),
('SORT1', 'GODTAKK', 1, 'Moquerie'),
('SORT1', 'GODTAKK', 1, 'Soins mineurs'),
('SORT1', 'GODTAKK', 1, 'Symbole religieux'),
('SORT1', 'GOLGOTH', 1, 'Ancrage'),
('SORT1', 'GOLGOTH', 1, 'Antipoison'),
('SORT1', 'GOLGOTH', 1, 'Bénédiction'),
('SORT1', 'GOLGOTH', 1, 'Bourrasque'),
('SORT1', 'GOLGOTH', 1, 'Contemplation'),
('SORT1', 'GOLGOTH', 1, 'Exorcisme'),
('SORT1', 'GOLGOTH', 1, 'Lumière'),
('SORT1', 'GOLGOTH', 1, 'Pitié'),
('SORT1', 'GOLGOTH', 1, 'Soins mineurs'),
('SORT1', 'GOLGOTH', 1, 'Symbole religieux'),
('SORT1', 'KAALKH', 1, 'Antipoison'),
('SORT1', 'KAALKH', 1, 'Armure mineure'),
('SORT1', 'KAALKH', 1, 'Aveuglement'),
('SORT1', 'KAALKH', 1, 'Charme de peur'),
('SORT1', 'KAALKH', 1, 'Charme personne'),
('SORT1', 'KAALKH', 1, 'Identification faussée'),
('SORT1', 'KAALKH', 1, 'Obstination bornée'),
('SORT1', 'KAALKH', 1, 'Soins mineurs'),
('SORT1', 'KAALKH', 1, 'Symbole religieux'),
('SORT1', 'KAALKH', 1, 'Toucher vampirique'),
('SORT1', 'KHALII', 1, 'Antipoison'),
('SORT1', 'KHALII', 1, 'Armure mineure'),
('SORT1', 'KHALII', 1, 'Aveuglement'),
('SORT1', 'KHALII', 1, 'Bénédiction'),
('SORT1', 'KHALII', 1, 'Charme personne'),
('SORT1', 'KHALII', 1, 'Contemplation'),
('SORT1', 'KHALII', 1, 'Identification faussée'),
('SORT1', 'KHALII', 1, 'Irrésistible rire'),
('SORT1', 'KHALII', 1, 'Obstination bornée'),
('SORT1', 'KHALII', 1, 'Soins mineurs'),
('SORT1', 'MAKUDAR', 1, 'Amure mineure'),
('SORT1', 'MAKUDAR', 1, 'Ancrage'),
('SORT1', 'MAKUDAR', 1, 'Antipoison'),
('SORT1', 'MAKUDAR', 1, 'Bénédiction'),
('SORT1', 'MAKUDAR', 1, 'Bouclier'),
('SORT1', 'MAKUDAR', 1, 'Contemplation'),
('SORT1', 'MAKUDAR', 1, 'Lame tranchante'),
('SORT1', 'MAKUDAR', 1, 'Obstination bornée'),
('SORT1', 'MAKUDAR', 1, 'Piège de feu'),
('SORT1', 'MAKUDAR', 1, 'Soins mineurs'),
('SORT1', 'NOCTAVE', 1, 'Armure des morts'),
('SORT1', 'NOCTAVE', 1, 'Charme de peur'),
('SORT1', 'NOCTAVE', 1, 'Contrôle des morts-vivants'),
('SORT1', 'NOCTAVE', 1, 'Exorcisme'),
('SORT1', 'NOCTAVE', 1, 'Lame tranchante'),
('SORT1', 'NOCTAVE', 1, 'Meute mortelle'),
('SORT1', 'NOCTAVE', 1, 'Soins mineurs'),
('SORT1', 'NOCTAVE', 1, 'Toucher vampirique'),
('SORT1', 'NOCTAVE', 1, 'Vigueur cadavérique'),
('SORT1', 'NOCTAVE', 1, 'Zombies'),
('SORT1', 'OTTOKOM', 1, 'Antipoison'),
('SORT1', 'OTTOKOM', 1, 'Armure des morts'),
('SORT1', 'OTTOKOM', 1, 'Bénédiction'),
('SORT1', 'OTTOKOM', 1, 'Charme de peur'),
('SORT1', 'OTTOKOM', 1, 'Contrôle des morts-vivants'),
('SORT1', 'OTTOKOM', 1, 'Course folle'),
('SORT1', 'OTTOKOM', 1, 'Exorcisme'),
('SORT1', 'OTTOKOM', 1, 'Peau d’écorce'),
('SORT1', 'OTTOKOM', 1, 'Soins mineurs'),
('SORT1', 'OTTOKOM', 1, 'Symbole religieux'),
('SORT1', 'SIBYL', 1, 'Antipoison'),
('SORT1', 'SIBYL', 1, 'Armure mineure'),
('SORT1', 'SIBYL', 1, 'Bénédiction'),
('SORT1', 'SIBYL', 1, 'Charme personne'),
('SORT1', 'SIBYL', 1, 'Contemplation'),
('SORT1', 'SIBYL', 1, 'Course folle'),
('SORT1', 'SIBYL', 1, 'Exorcisme'),
('SORT1', 'SIBYL', 1, 'Irrésistible rire'),
('SORT1', 'SIBYL', 1, 'Pitié'),
('SORT1', 'SIBYL', 1, 'Soins mineurs'),
('SORT1', 'SYLVA', 1, 'Antipoison'),
('SORT1', 'SYLVA', 1, 'Armure de mineure'),
('SORT1', 'SYLVA', 1, 'Bénédiction'),
('SORT1', 'SYLVA', 1, 'Exorcisme'),
('SORT1', 'SYLVA', 1, 'Flèche magique'),
('SORT1', 'SYLVA', 1, 'Identification'),
('SORT1', 'SYLVA', 1, 'Ligne de protection'),
('SORT1', 'SYLVA', 1, 'Lumière'),
('SORT1', 'SYLVA', 1, 'Soins mineurs'),
('SORT1', 'SYLVA', 1, 'Symbole religieux'),
('SORT1', 'TOYASH', 1, 'Antipoison'),
('SORT1', 'TOYASH', 1, 'Armure mineure'),
('SORT1', 'TOYASH', 1, 'Boule de feu'),
('SORT1', 'TOYASH', 1, 'Irrésistible rire'),
('SORT1', 'TOYASH', 1, 'Lame tranchante'),
('SORT1', 'TOYASH', 1, 'Lumière'),
('SORT1', 'TOYASH', 1, 'Obstination bornée'),
('SORT1', 'TOYASH', 1, 'Piège de feu'),
('SORT1', 'TOYASH', 1, 'Soins mineurs'),
('SORT1', 'TOYASH', 1, 'Symbole religieux'),
('SORT1', 'USIRE', 1, 'Antipoison'),
('SORT1', 'USIRE', 1, 'Armure mineure'),
('SORT1', 'USIRE', 1, 'Aveuglement'),
('SORT1', 'USIRE', 1, 'Bénédiction'),
('SORT1', 'USIRE', 1, 'Contemplation'),
('SORT1', 'USIRE', 1, 'Exorcisme'),
('SORT1', 'USIRE', 1, 'Ligne de protection'),
('SORT1', 'USIRE', 1, 'Lumière'),
('SORT1', 'USIRE', 1, 'Pitié'),
('SORT1', 'USIRE', 1, 'Soins mineurs'),
('SORT2', 'ADEMOS', 2, 'Abrutissement'),
('SORT2', 'ADEMOS', 2, 'Armure de vent'),
('SORT2', 'ADEMOS', 2, 'Armure majeure'),
('SORT2', 'ADEMOS', 2, 'Coquille anti-magie'),
('SORT2', 'ADEMOS', 2, 'Extension d\'un sort'),
('SORT2', 'ADEMOS', 2, 'Silence'),
('SORT2', 'ADEMOS', 2, 'Sommeil'),
('SORT2', 'ADEMOS', 2, 'Toucher paralysant'),
('SORT2', 'AMAIRA', 2, 'Affliction'),
('SORT2', 'AMAIRA', 2, 'Arme enchantée'),
('SORT2', 'AMAIRA', 2, 'Armure majeure'),
('SORT2', 'AMAIRA', 2, 'Coquille anti-magie'),
('SORT2', 'AMAIRA', 2, 'Dissipation de la magie'),
('SORT2', 'AMAIRA', 2, 'Enchevêtrement'),
('SORT2', 'AMAIRA', 2, 'Poison magique'),
('SORT2', 'AMAIRA', 2, 'Silence'),
('SORT2', 'AYKA', 2, 'Abrutissement'),
('SORT2', 'AYKA', 2, 'Affliction'),
('SORT2', 'AYKA', 2, 'Armure majeure'),
('SORT2', 'AYKA', 2, 'Dissipation de la magie'),
('SORT2', 'AYKA', 2, 'Faiblesse'),
('SORT2', 'AYKA', 2, 'Langue de feu'),
('SORT2', 'AYKA', 2, 'Silence'),
('SORT2', 'AYKA', 2, 'Toucher de vérité'),
('SORT2', 'CHAOS', 2, 'Abrutissement'),
('SORT2', 'CHAOS', 2, 'Affliction'),
('SORT2', 'CHAOS', 2, 'Arme enflammée'),
('SORT2', 'CHAOS', 2, 'Armure majeure'),
('SORT2', 'CHAOS', 2, 'Dissipation mineure'),
('SORT2', 'CHAOS', 2, 'Langue de feu'),
('SORT2', 'CHAOS', 2, 'Silence'),
('SORT2', 'CHAOS', 2, 'Toucher paralysant'),
('SORT2', 'DAGOTH', 2, 'Abrutissement'),
('SORT2', 'DAGOTH', 2, 'Affliction'),
('SORT2', 'DAGOTH', 2, 'Arme enchantée'),
('SORT2', 'DAGOTH', 2, 'Armure majeure'),
('SORT2', 'DAGOTH', 2, 'Dissipation de la magie'),
('SORT2', 'DAGOTH', 2, 'Faiblesse'),
('SORT2', 'DAGOTH', 2, 'Réparation mineure'),
('SORT2', 'DAGOTH', 2, 'Silence'),
('SORT2', 'ESPRITS', 2, 'Affliction'),
('SORT2', 'ESPRITS', 2, 'Anima'),
('SORT2', 'ESPRITS', 2, 'Animation végétale'),
('SORT2', 'ESPRITS', 2, 'Armure de vent'),
('SORT2', 'ESPRITS', 2, 'Cauchemar'),
('SORT2', 'ESPRITS', 2, 'Coquille anti-magie'),
('SORT2', 'ESPRITS', 2, 'Dissipation de la magie'),
('SORT2', 'ESPRITS', 2, 'Enchevêtrement'),
('SORT2', 'ESPRITS', 2, 'Poison magique'),
('SORT2', 'ESPRITS', 2, 'Sommeil'),
('SORT2', 'GAEA', 2, 'Abrutissement'),
('SORT2', 'GAEA', 2, 'Anima'),
('SORT2', 'GAEA', 2, 'Animation végétale'),
('SORT2', 'GAEA', 2, 'Armure de vent'),
('SORT2', 'GAEA', 2, 'Blizzard divin'),
('SORT2', 'GAEA', 2, 'Enchevêtrement'),
('SORT2', 'GAEA', 2, 'Poison magique'),
('SORT2', 'GAEA', 2, 'Rouille'),
('SORT2', 'GALLEON', 2, 'Arme enchantée'),
('SORT2', 'GALLEON', 2, 'Armure de vent'),
('SORT2', 'GALLEON', 2, 'Armure majeure'),
('SORT2', 'GALLEON', 2, 'Coquille anti-magie'),
('SORT2', 'GALLEON', 2, 'Dissipation de la magie'),
('SORT2', 'GALLEON', 2, 'Faiblesse'),
('SORT2', 'GALLEON', 2, 'Réparation mineure'),
('SORT2', 'GALLEON', 2, 'Toucher de vérité'),
('SORT2', 'GODTAKK', 2, 'Arme enchantée'),
('SORT2', 'GODTAKK', 2, 'Armure majeure'),
('SORT2', 'GODTAKK', 2, 'Coquille anti-magie'),
('SORT2', 'GODTAKK', 2, 'Dissipation de la magie'),
('SORT2', 'GODTAKK', 2, 'Faiblesse'),
('SORT2', 'GODTAKK', 2, 'Réparation mineure'),
('SORT2', 'GODTAKK', 2, 'Rouille'),
('SORT2', 'GODTAKK', 2, 'Silence'),
('SORT2', 'GOLGOTH', 2, 'Affliction'),
('SORT2', 'GOLGOTH', 2, 'Arme enchantée'),
('SORT2', 'GOLGOTH', 2, 'Armure de vent'),
('SORT2', 'GOLGOTH', 2, 'Dissipation de la magie'),
('SORT2', 'GOLGOTH', 2, 'Fusion'),
('SORT2', 'GOLGOTH', 2, 'Mot scellé'),
('SORT2', 'GOLGOTH', 2, 'Réparation mineure'),
('SORT2', 'GOLGOTH', 2, 'Toucher de vérité'),
('SORT2', 'KAALKH', 2, 'Abrutissement'),
('SORT2', 'KAALKH', 2, 'Affliction'),
('SORT2', 'KAALKH', 2, 'Armure majeure'),
('SORT2', 'KAALKH', 2, 'Coquille anti-magie'),
('SORT2', 'KAALKH', 2, 'Dissipation de la magie'),
('SORT2', 'KAALKH', 2, 'Mot scellé'),
('SORT2', 'KAALKH', 2, 'Silence'),
('SORT2', 'KAALKH', 2, 'Toucher de vérité'),
('SORT2', 'KHALII', 2, 'Affliction'),
('SORT2', 'KHALII', 2, 'Arme enchantée'),
('SORT2', 'KHALII', 2, 'Armure majeure'),
('SORT2', 'KHALII', 2, 'Coquille anti-magie'),
('SORT2', 'KHALII', 2, 'Dissipation de la magie'),
('SORT2', 'KHALII', 2, 'Extension d\'un sort'),
('SORT2', 'KHALII', 2, 'Silence'),
('SORT2', 'KHALII', 2, 'Sommeil'),
('SORT2', 'MAKUDAR', 2, 'Amure majeure'),
('SORT2', 'MAKUDAR', 2, 'Arme enchantée'),
('SORT2', 'MAKUDAR', 2, 'Dissipation de la magie'),
('SORT2', 'MAKUDAR', 2, 'Fusion'),
('SORT2', 'MAKUDAR', 2, 'Langue de feu'),
('SORT2', 'MAKUDAR', 2, 'Réparation mineure'),
('SORT2', 'MAKUDAR', 2, 'Rouille'),
('SORT2', 'MAKUDAR', 2, 'Rune explosive'),
('SORT2', 'NOCTAVE', 2, 'Affliction'),
('SORT2', 'NOCTAVE', 2, 'Blizzard divin'),
('SORT2', 'NOCTAVE', 2, 'Coquille anti-magie'),
('SORT2', 'NOCTAVE', 2, 'Dissipation de la magie'),
('SORT2', 'NOCTAVE', 2, 'Faiblesse'),
('SORT2', 'NOCTAVE', 2, 'Rayon noir'),
('SORT2', 'NOCTAVE', 2, 'Silence'),
('SORT2', 'NOCTAVE', 2, 'Toucher paralysant'),
('SORT2', 'OTTOKOM', 2, 'Affliction'),
('SORT2', 'OTTOKOM', 2, 'Animation végétale'),
('SORT2', 'OTTOKOM', 2, 'Cauchemar'),
('SORT2', 'OTTOKOM', 2, 'Enchevêtrement'),
('SORT2', 'OTTOKOM', 2, 'Langue de feu'),
('SORT2', 'OTTOKOM', 2, 'Miasme'),
('SORT2', 'OTTOKOM', 2, 'Poison magique'),
('SORT2', 'OTTOKOM', 2, 'Sommeil'),
('SORT2', 'SIBYL', 2, 'Arme enchantée'),
('SORT2', 'SIBYL', 2, 'Armure majeure'),
('SORT2', 'SIBYL', 2, 'Dissipation de la magie'),
('SORT2', 'SIBYL', 2, 'Réparation mineure'),
('SORT2', 'SIBYL', 2, 'Silence'),
('SORT2', 'SIBYL', 2, 'Sommeil'),
('SORT2', 'SIBYL', 2, 'Touché de vérité'),
('SORT2', 'SIBYL', 2, 'Toucher paralysant'),
('SORT2', 'SYLVA', 2, 'Arme enchantée'),
('SORT2', 'SYLVA', 2, 'Armure majeure'),
('SORT2', 'SYLVA', 2, 'Coquille anti-magie'),
('SORT2', 'SYLVA', 2, 'Dissipation de la magie'),
('SORT2', 'SYLVA', 2, 'Mot scellé'),
('SORT2', 'SYLVA', 2, 'Silence'),
('SORT2', 'SYLVA', 2, 'Sommeil'),
('SORT2', 'SYLVA', 2, 'Toucher de vérité'),
('SORT2', 'TOYASH', 2, 'Arme enflammée'),
('SORT2', 'TOYASH', 2, 'Armure majeure'),
('SORT2', 'TOYASH', 2, 'Fusion'),
('SORT2', 'TOYASH', 2, 'Langue de feu'),
('SORT2', 'TOYASH', 2, 'Miasme'),
('SORT2', 'TOYASH', 2, 'Réparation mineure'),
('SORT2', 'TOYASH', 2, 'Rouille'),
('SORT2', 'TOYASH', 2, 'Rune explosive'),
('SORT2', 'USIRE', 2, 'Arme enchantée'),
('SORT2', 'USIRE', 2, 'Armure majeure'),
('SORT2', 'USIRE', 2, 'Coquille anti-magie'),
('SORT2', 'USIRE', 2, 'Dissipation de la magie'),
('SORT2', 'USIRE', 2, 'Fusion'),
('SORT2', 'USIRE', 2, 'Réparation mineure'),
('SORT2', 'USIRE', 2, 'Toucher de vérité'),
('SORT2', 'USIRE', 2, 'Union'),
('SORT3', 'ADEMOS', 3, 'Armure glorieuse'),
('SORT3', 'ADEMOS', 3, 'Attitude sereine'),
('SORT3', 'ADEMOS', 3, 'Commandement'),
('SORT3', 'ADEMOS', 3, 'Force'),
('SORT3', 'ADEMOS', 3, 'Fortitude'),
('SORT3', 'ADEMOS', 3, 'Peau de pierre'),
('SORT3', 'ADEMOS', 3, 'Soins majeurs'),
('SORT3', 'AMAIRA', 3, 'Armes maudites'),
('SORT3', 'AMAIRA', 3, 'Armure glorieuse'),
('SORT3', 'AMAIRA', 3, 'Commandement'),
('SORT3', 'AMAIRA', 3, 'Frappe énergétique'),
('SORT3', 'AMAIRA', 3, 'Oubli'),
('SORT3', 'AMAIRA', 3, 'Soins majeurs'),
('SORT3', 'AMAIRA', 3, 'Vol de sort'),
('SORT3', 'AYKA', 3, 'Arme d’acier'),
('SORT3', 'AYKA', 3, 'Armes maudites'),
('SORT3', 'AYKA', 3, 'Armure glorieuse'),
('SORT3', 'AYKA', 3, 'Commandement'),
('SORT3', 'AYKA', 3, 'Force'),
('SORT3', 'AYKA', 3, 'Sang brûlant'),
('SORT3', 'AYKA', 3, 'Soins majeurs'),
('SORT3', 'CHAOS', 3, 'Armes maudites'),
('SORT3', 'CHAOS', 3, 'Armure glorieuse'),
('SORT3', 'CHAOS', 3, 'Commandement'),
('SORT3', 'CHAOS', 3, 'Force'),
('SORT3', 'CHAOS', 3, 'Frénésie meurtrière'),
('SORT3', 'CHAOS', 3, 'Horreur'),
('SORT3', 'CHAOS', 3, 'Oubli'),
('SORT3', 'DAGOTH', 3, 'Absorption vitale'),
('SORT3', 'DAGOTH', 3, 'Arme d\'acier'),
('SORT3', 'DAGOTH', 3, 'Armes maudites'),
('SORT3', 'DAGOTH', 3, 'Armure glorieuse'),
('SORT3', 'DAGOTH', 3, 'Commandement'),
('SORT3', 'DAGOTH', 3, 'Force'),
('SORT3', 'DAGOTH', 3, 'Oubli'),
('SORT3', 'ESPRITS', 3, 'Armes maudites'),
('SORT3', 'ESPRITS', 3, 'Attitude sereine'),
('SORT3', 'ESPRITS', 3, 'Commandement'),
('SORT3', 'ESPRITS', 3, 'Force'),
('SORT3', 'ESPRITS', 3, 'Fortitude'),
('SORT3', 'ESPRITS', 3, 'Frappe énergétique'),
('SORT3', 'ESPRITS', 3, 'Frénésie meurtrière'),
('SORT3', 'ESPRITS', 3, 'Mur d\'épines'),
('SORT3', 'GAEA', 3, 'Attitude sereine'),
('SORT3', 'GAEA', 3, 'Force'),
('SORT3', 'GAEA', 3, 'Mur d’épines'),
('SORT3', 'GAEA', 3, 'Peau de pierre'),
('SORT3', 'GAEA', 3, 'Pierre saillante'),
('SORT3', 'GAEA', 3, 'Soins majeurs'),
('SORT3', 'GAEA', 3, 'Transport du sylvanien'),
('SORT3', 'GALLEON', 3, 'Arme d\'acier'),
('SORT3', 'GALLEON', 3, 'Armes maudites'),
('SORT3', 'GALLEON', 3, 'Armure glorieuse'),
('SORT3', 'GALLEON', 3, 'Commandement'),
('SORT3', 'GALLEON', 3, 'Force'),
('SORT3', 'GALLEON', 3, 'Frappe énergétique'),
('SORT3', 'GALLEON', 3, 'Soins majeurs'),
('SORT3', 'GODTAKK', 3, 'Arme d\'acier'),
('SORT3', 'GODTAKK', 3, 'Armes maudites'),
('SORT3', 'GODTAKK', 3, 'Armure glorieuse'),
('SORT3', 'GODTAKK', 3, 'Force'),
('SORT3', 'GODTAKK', 3, 'Frappe énergétique'),
('SORT3', 'GODTAKK', 3, 'Frénésie meurtrière'),
('SORT3', 'GODTAKK', 3, 'Sang brûlant'),
('SORT3', 'GOLGOTH', 3, 'Armes maudites'),
('SORT3', 'GOLGOTH', 3, 'Attitude sereine'),
('SORT3', 'GOLGOTH', 3, 'Frappe énergétique'),
('SORT3', 'GOLGOTH', 3, 'Oubli'),
('SORT3', 'GOLGOTH', 3, 'Réparation'),
('SORT3', 'GOLGOTH', 3, 'Sacrifice personnel'),
('SORT3', 'GOLGOTH', 3, 'Soins majeurs'),
('SORT3', 'KAALKH', 3, 'Absorption vitale'),
('SORT3', 'KAALKH', 3, 'Arme d\'acier'),
('SORT3', 'KAALKH', 3, 'Armure glorieuse'),
('SORT3', 'KAALKH', 3, 'Commandement'),
('SORT3', 'KAALKH', 3, 'Force'),
('SORT3', 'KAALKH', 3, 'Frénésie meurtrière'),
('SORT3', 'KAALKH', 3, 'Soins majeurs'),
('SORT3', 'KHALII', 3, 'Armure glorieuse'),
('SORT3', 'KHALII', 3, 'Commandement'),
('SORT3', 'KHALII', 3, 'Force'),
('SORT3', 'KHALII', 3, 'Fortitude'),
('SORT3', 'KHALII', 3, 'Miroir'),
('SORT3', 'KHALII', 3, 'Oubli'),
('SORT3', 'KHALII', 3, 'Soins majeurs'),
('SORT3', 'MAKUDAR', 3, 'Arme d\'acier'),
('SORT3', 'MAKUDAR', 3, 'Armure glorieuse'),
('SORT3', 'MAKUDAR', 3, 'Force'),
('SORT3', 'MAKUDAR', 3, 'Peau de pierre'),
('SORT3', 'MAKUDAR', 3, 'Pierre saillante'),
('SORT3', 'MAKUDAR', 3, 'Réparation'),
('SORT3', 'MAKUDAR', 3, 'Soins majeurs'),
('SORT3', 'NOCTAVE', 3, 'Armes maudites'),
('SORT3', 'NOCTAVE', 3, 'Armure glorieuse'),
('SORT3', 'NOCTAVE', 3, 'Commandement'),
('SORT3', 'NOCTAVE', 3, 'Force'),
('SORT3', 'NOCTAVE', 3, 'Fortitude'),
('SORT3', 'NOCTAVE', 3, 'Frénésie meurtrière'),
('SORT3', 'NOCTAVE', 3, 'Soins majeurs'),
('SORT3', 'OTTOKOM', 3, 'Armes maudites'),
('SORT3', 'OTTOKOM', 3, 'Force'),
('SORT3', 'OTTOKOM', 3, 'Fortitude'),
('SORT3', 'OTTOKOM', 3, 'Frénésie meurtrière'),
('SORT3', 'OTTOKOM', 3, 'Horreur'),
('SORT3', 'OTTOKOM', 3, 'Peau de pierre'),
('SORT3', 'OTTOKOM', 3, 'Soins majeurs'),
('SORT3', 'SIBYL', 3, 'Armure glorieuse'),
('SORT3', 'SIBYL', 3, 'Attitude sereine'),
('SORT3', 'SIBYL', 3, 'Force'),
('SORT3', 'SIBYL', 3, 'Frappe énergétique'),
('SORT3', 'SIBYL', 3, 'Miroir'),
('SORT3', 'SIBYL', 3, 'Sacrifice personnel'),
('SORT3', 'SIBYL', 3, 'Soins majeurs'),
('SORT3', 'SYLVA', 3, 'Armure glorieuse'),
('SORT3', 'SYLVA', 3, 'Attitude sereine'),
('SORT3', 'SYLVA', 3, 'Attrition'),
('SORT3', 'SYLVA', 3, 'Miroir'),
('SORT3', 'SYLVA', 3, 'Soins majeurs'),
('SORT3', 'SYLVA', 3, 'Sort interdit'),
('SORT3', 'SYLVA', 3, 'Transport du sylvanien'),
('SORT3', 'TOYASH', 3, 'Arme d\'acier'),
('SORT3', 'TOYASH', 3, 'Armure glorieuse'),
('SORT3', 'TOYASH', 3, 'Force'),
('SORT3', 'TOYASH', 3, 'Frappe énergétique'),
('SORT3', 'TOYASH', 3, 'Réparation'),
('SORT3', 'TOYASH', 3, 'Sang brûlant'),
('SORT3', 'TOYASH', 3, 'Soins majeurs'),
('SORT3', 'USIRE', 3, 'Arme d\'acier'),
('SORT3', 'USIRE', 3, 'Armure glorieuse'),
('SORT3', 'USIRE', 3, 'Attitude sereine'),
('SORT3', 'USIRE', 3, 'Force'),
('SORT3', 'USIRE', 3, 'Fortitude'),
('SORT3', 'USIRE', 3, 'Sacrifice personnel'),
('SORT3', 'USIRE', 3, 'Soins majeurs'),
('SORT4', 'ADEMOS', 4, 'Ardeur'),
('SORT4', 'ADEMOS', 4, 'Cicatrisation'),
('SORT4', 'ADEMOS', 4, 'Coquille anti-magie majeure'),
('SORT4', 'ADEMOS', 4, 'Faiblesse extrême'),
('SORT4', 'ADEMOS', 4, 'Rage subite'),
('SORT4', 'ADEMOS', 4, 'Volonté de fer'),
('SORT4', 'AMAIRA', 4, 'Cercle de protection'),
('SORT4', 'AMAIRA', 4, 'Coquille anti-magie majeure'),
('SORT4', 'AMAIRA', 4, 'Dissipation majeure'),
('SORT4', 'AMAIRA', 4, 'Faiblesse extrême'),
('SORT4', 'AMAIRA', 4, 'Lames nocturnes'),
('SORT4', 'AMAIRA', 4, 'Symbole de puissance'),
('SORT4', 'AYKA', 4, 'Ardeur'),
('SORT4', 'AYKA', 4, 'Aura de peur'),
('SORT4', 'AYKA', 4, 'Dissipation majeure'),
('SORT4', 'AYKA', 4, 'Résistance au feu'),
('SORT4', 'AYKA', 4, 'Symbole de puissance'),
('SORT4', 'AYKA', 4, 'Volonté de fer'),
('SORT4', 'CHAOS', 4, 'Aura de peur'),
('SORT4', 'CHAOS', 4, 'Dissipation majeure'),
('SORT4', 'CHAOS', 4, 'Faiblesse extrême'),
('SORT4', 'CHAOS', 4, 'Machinations complexes'),
('SORT4', 'CHAOS', 4, 'Rage subite'),
('SORT4', 'CHAOS', 4, 'Volonté de fer'),
('SORT4', 'DAGOTH', 4, 'Cicatrisation'),
('SORT4', 'DAGOTH', 4, 'Dissipation majeure'),
('SORT4', 'DAGOTH', 4, 'Machinations complexes'),
('SORT4', 'DAGOTH', 4, 'Rage subite'),
('SORT4', 'DAGOTH', 4, 'Symbole de puissance'),
('SORT4', 'DAGOTH', 4, 'Volonté de fer'),
('SORT4', 'ESPRITS', 4, 'Cicatrisation'),
('SORT4', 'ESPRITS', 4, 'Coquille anti-magie majeure'),
('SORT4', 'ESPRITS', 4, 'Dissipation majeure'),
('SORT4', 'ESPRITS', 4, 'Faiblesse extrême'),
('SORT4', 'ESPRITS', 4, 'Volée magique'),
('SORT4', 'ESPRITS', 4, 'Zombies majeurs'),
('SORT4', 'GAEA', 4, 'Accumulation solaire'),
('SORT4', 'GAEA', 4, 'Ardeur'),
('SORT4', 'GAEA', 4, 'Cercle de protection'),
('SORT4', 'GAEA', 4, 'Rage subite'),
('SORT4', 'GAEA', 4, 'Roc'),
('SORT4', 'GAEA', 4, 'Végétamorphose'),
('SORT4', 'GALLEON', 4, 'Cercle de protection'),
('SORT4', 'GALLEON', 4, 'Coquille anti-magie majeure'),
('SORT4', 'GALLEON', 4, 'Dissipation majeure'),
('SORT4', 'GALLEON', 4, 'Faiblesse extrême'),
('SORT4', 'GALLEON', 4, 'Symbole de puissance'),
('SORT4', 'GALLEON', 4, 'Volonté de fer'),
('SORT4', 'GODTAKK', 4, 'Cicatrisation'),
('SORT4', 'GODTAKK', 4, 'Coquille anti-magie majeure'),
('SORT4', 'GODTAKK', 4, 'Dissipation majeure'),
('SORT4', 'GODTAKK', 4, 'Rage subite'),
('SORT4', 'GODTAKK', 4, 'Symbole de puissance'),
('SORT4', 'GODTAKK', 4, 'Volonté de fer'),
('SORT4', 'GOLGOTH', 4, 'Accumulation solaire'),
('SORT4', 'GOLGOTH', 4, 'Ardeur'),
('SORT4', 'GOLGOTH', 4, 'Cercle de protection'),
('SORT4', 'GOLGOTH', 4, 'Dissipation majeure'),
('SORT4', 'GOLGOTH', 4, 'Symbole de puissance'),
('SORT4', 'GOLGOTH', 4, 'Volonté de fer'),
('SORT4', 'KAALKH', 4, 'Coquille anti-magie majeure'),
('SORT4', 'KAALKH', 4, 'Dissipation majeure'),
('SORT4', 'KAALKH', 4, 'Faiblesse extrême'),
('SORT4', 'KAALKH', 4, 'Machinations complexes'),
('SORT4', 'KAALKH', 4, 'Symbole de puissance'),
('SORT4', 'KAALKH', 4, 'Volonté de fer'),
('SORT4', 'KHALII', 4, 'Ardeur'),
('SORT4', 'KHALII', 4, 'Cercle de protection'),
('SORT4', 'KHALII', 4, 'Coquille anti-magie majeure'),
('SORT4', 'KHALII', 4, 'Envoûtement'),
('SORT4', 'KHALII', 4, 'Faiblesse extrême'),
('SORT4', 'KHALII', 4, 'Symbole de puissance'),
('SORT4', 'MAKUDAR', 4, 'Cercle de protection'),
('SORT4', 'MAKUDAR', 4, 'Coquille anti-magie majeure'),
('SORT4', 'MAKUDAR', 4, 'Dissipation majeure'),
('SORT4', 'MAKUDAR', 4, 'Rune explosive améliorée'),
('SORT4', 'MAKUDAR', 4, 'Symbole de puissance'),
('SORT4', 'MAKUDAR', 4, 'Volonté de fer'),
('SORT4', 'NOCTAVE', 4, 'Aura de peur'),
('SORT4', 'NOCTAVE', 4, 'Coquille anti-magie majeure'),
('SORT4', 'NOCTAVE', 4, 'Dissipation majeure'),
('SORT4', 'NOCTAVE', 4, 'Faiblesse extrême'),
('SORT4', 'NOCTAVE', 4, 'Symbole de puissance'),
('SORT4', 'NOCTAVE', 4, 'Zombies majeurs'),
('SORT4', 'OTTOKOM', 4, 'Aura de peur'),
('SORT4', 'OTTOKOM', 4, 'Cicatrisation'),
('SORT4', 'OTTOKOM', 4, 'Dissipation majeure'),
('SORT4', 'OTTOKOM', 4, 'Nuage mortel'),
('SORT4', 'OTTOKOM', 4, 'Rage subite'),
('SORT4', 'OTTOKOM', 4, 'Symbole de puissance'),
('SORT4', 'SIBYL', 4, 'Ardeur'),
('SORT4', 'SIBYL', 4, 'Cercle de protection'),
('SORT4', 'SIBYL', 4, 'Dissipation majeure'),
('SORT4', 'SIBYL', 4, 'Envoûtement'),
('SORT4', 'SIBYL', 4, 'Symbole de puissance'),
('SORT4', 'SIBYL', 4, 'Volonté de fer'),
('SORT4', 'SYLVA', 4, 'Cercle de protection'),
('SORT4', 'SYLVA', 4, 'Coquille anti-magie majeure'),
('SORT4', 'SYLVA', 4, 'Dissipation majeure'),
('SORT4', 'SYLVA', 4, 'Symbole de puissance'),
('SORT4', 'SYLVA', 4, 'Volée magique'),
('SORT4', 'SYLVA', 4, 'Volonté de fer'),
('SORT4', 'TOYASH', 4, 'Cercle de feu'),
('SORT4', 'TOYASH', 4, 'Dissipation majeure'),
('SORT4', 'TOYASH', 4, 'Machinations complexes'),
('SORT4', 'TOYASH', 4, 'Résistance au feu'),
('SORT4', 'TOYASH', 4, 'Rune explosive améliorée'),
('SORT4', 'TOYASH', 4, 'Symbole de puissance'),
('SORT4', 'USIRE', 4, 'Accumulation solaire'),
('SORT4', 'USIRE', 4, 'Ardeur'),
('SORT4', 'USIRE', 4, 'Cercle de protection'),
('SORT4', 'USIRE', 4, 'Dissipation majeure'),
('SORT4', 'USIRE', 4, 'Symbole de puissance'),
('SORT4', 'USIRE', 4, 'Volonté de fer'),
('SORT5', 'ADEMOS', 5, 'Défense surnaturelle'),
('SORT5', 'ADEMOS', 5, 'Force du dragon'),
('SORT5', 'ADEMOS', 5, 'Rituel de puissance'),
('SORT5', 'ADEMOS', 5, 'Tabula Rasa'),
('SORT5', 'AMAIRA', 5, 'Coup vengeur'),
('SORT5', 'AMAIRA', 5, 'Délivrance des malédictions'),
('SORT5', 'AMAIRA', 5, 'Désenchantement'),
('SORT5', 'AMAIRA', 5, 'Rappel à la vie'),
('SORT5', 'AMAIRA', 5, 'Sceau magique'),
('SORT5', 'AYKA', 5, 'Agent double'),
('SORT5', 'AYKA', 5, 'Défense surnaturelle'),
('SORT5', 'AYKA', 5, 'Délivrance des malédictions'),
('SORT5', 'AYKA', 5, 'Lance divine'),
('SORT5', 'AYKA', 5, 'Terreur'),
('SORT5', 'CHAOS', 5, 'Actions démesurées'),
('SORT5', 'CHAOS', 5, 'Agent double'),
('SORT5', 'CHAOS', 5, 'Coup vengeur'),
('SORT5', 'CHAOS', 5, 'Force du dragon'),
('SORT5', 'DAGOTH', 5, 'Agent double'),
('SORT5', 'DAGOTH', 5, 'Défense surnaturelle'),
('SORT5', 'DAGOTH', 5, 'Délivrance des malédictions'),
('SORT5', 'DAGOTH', 5, 'Rituel de puissance'),
('SORT5', 'DAGOTH', 5, 'Terreur'),
('SORT5', 'ESPRITS', 5, 'Appel de la foudre'),
('SORT5', 'ESPRITS', 5, 'Emprisonnement'),
('SORT5', 'ESPRITS', 5, 'Éveil de la forêt'),
('SORT5', 'ESPRITS', 5, 'Phoenix'),
('SORT5', 'ESPRITS', 5, 'Tabula Rasa'),
('SORT5', 'GAEA', 5, 'Appel de la foudre'),
('SORT5', 'GAEA', 5, 'Équilibre des forces'),
('SORT5', 'GAEA', 5, 'Éveil de la forêt'),
('SORT5', 'GAEA', 5, 'Grande chasse'),
('SORT5', 'GAEA', 5, 'Rappel à la vie'),
('SORT5', 'GALLEON', 5, 'Défense surnaturelle'),
('SORT5', 'GALLEON', 5, 'Rappel à la vie'),
('SORT5', 'GALLEON', 5, 'Rituel de puissance'),
('SORT5', 'GALLEON', 5, 'Terreur'),
('SORT5', 'GALLEON', 5, 'Vision véritable'),
('SORT5', 'GODTAKK', 5, 'Coup vengeur'),
('SORT5', 'GODTAKK', 5, 'Défense surnaturelle'),
('SORT5', 'GODTAKK', 5, 'Rappel à la vie'),
('SORT5', 'GODTAKK', 5, 'Rituel de puissance'),
('SORT5', 'GODTAKK', 5, 'Terreur'),
('SORT5', 'GOLGOTH', 5, 'Délivrance des malédictions'),
('SORT5', 'GOLGOTH', 5, 'Désenchantement'),
('SORT5', 'GOLGOTH', 5, 'Équilibre des forces'),
('SORT5', 'GOLGOTH', 5, 'Rappel à la vie'),
('SORT5', 'KAALKH', 5, 'Coup vengeur'),
('SORT5', 'KAALKH', 5, 'Défense surnaturelle'),
('SORT5', 'KAALKH', 5, 'Rappel à la vie'),
('SORT5', 'KAALKH', 5, 'Terreur'),
('SORT5', 'KAALKH', 5, 'Torpeur'),
('SORT5', 'KHALII', 5, 'Actions démesurées'),
('SORT5', 'KHALII', 5, 'Délivrance des malédictions'),
('SORT5', 'KHALII', 5, 'Enchantement durable'),
('SORT5', 'KHALII', 5, 'Providence'),
('SORT5', 'KHALII', 5, 'Rappel à la vie'),
('SORT5', 'MAKUDAR', 5, 'Défense surnaturelle'),
('SORT5', 'MAKUDAR', 5, 'Délivrance des malédictions'),
('SORT5', 'MAKUDAR', 5, 'Désenchantement'),
('SORT5', 'MAKUDAR', 5, 'Enchantement durable'),
('SORT5', 'MAKUDAR', 5, 'Rappel à la vie'),
('SORT5', 'NOCTAVE', 5, 'Défense surnaturelle'),
('SORT5', 'NOCTAVE', 5, 'Perfectionnement'),
('SORT5', 'NOCTAVE', 5, 'Rappel à la vie'),
('SORT5', 'NOCTAVE', 5, 'Terreur'),
('SORT5', 'NOCTAVE', 5, 'Torpeur'),
('SORT5', 'OTTOKOM', 5, 'Délivrance des malédictions'),
('SORT5', 'OTTOKOM', 5, 'Emprisonnement'),
('SORT5', 'OTTOKOM', 5, 'Éveil de la forêt'),
('SORT5', 'OTTOKOM', 5, 'Mutation monstrueuse'),
('SORT5', 'OTTOKOM', 5, 'Terreur'),
('SORT5', 'SIBYL', 5, 'Défense surnaturelle'),
('SORT5', 'SIBYL', 5, 'Délivrance des malédictions'),
('SORT5', 'SIBYL', 5, 'Providence'),
('SORT5', 'SIBYL', 5, 'Rappel à la vie'),
('SORT5', 'SIBYL', 5, 'Redirection'),
('SORT5', 'SYLVA', 5, 'Délivrance des malédictions'),
('SORT5', 'SYLVA', 5, 'Désenchantement'),
('SORT5', 'SYLVA', 5, 'Lance divine'),
('SORT5', 'SYLVA', 5, 'Rappel à la vie'),
('SORT5', 'SYLVA', 5, 'Sceau magique'),
('SORT5', 'TOYASH', 5, 'Coup vengeur'),
('SORT5', 'TOYASH', 5, 'Défense surnaturelle'),
('SORT5', 'TOYASH', 5, 'Délivrance des malédictions'),
('SORT5', 'TOYASH', 5, 'Désenchantement'),
('SORT5', 'TOYASH', 5, 'Métal brûlant'),
('SORT5', 'USIRE', 5, 'Défense surnaturelle'),
('SORT5', 'USIRE', 5, 'Délivrance des malédictions'),
('SORT5', 'USIRE', 5, 'Lance divine'),
('SORT5', 'USIRE', 5, 'Providence'),
('SORT5', 'USIRE', 5, 'Rappel à la vie');

-- --------------------------------------------------------

--
-- Table structure for table `specialisations`
--

CREATE TABLE `specialisations` (
  `Code` varchar(10) COLLATE utf8mb4_general_ci NOT NULL,
  `Nom` varchar(100) COLLATE utf8mb4_general_ci NOT NULL,
  `CodeProfil` varchar(10) COLLATE utf8mb4_general_ci NOT NULL DEFAULT 'P',
  `Description` longtext COLLATE utf8mb4_general_ci,
  `Avantage` longtext COLLATE utf8mb4_general_ci
) ENGINE=InnoDB DEFAULT CHARSET=utf8mb4 COLLATE=utf8mb4_general_ci;

--
-- Dumping data for table `specialisations`
--

INSERT INTO `specialisations` (`Code`, `Nom`, `CodeProfil`, `Description`, `Avantage`) VALUES
('ARMEE', 'Armée organisée', 'M', '', NULL),
('BANQUE', 'Banque', 'C', NULL, NULL),
('BIENFAIT', 'Bienfaiteurs', 'R', NULL, NULL),
('CODEXALC', 'Codex alchimique', 'A', NULL, NULL),
('CODEXARC', 'Codex arcanique', 'A', NULL, NULL),
('CODEXBOT', 'Codex botanique', 'A', NULL, NULL),
('ENSEIGN', 'Enseignants', 'A', NULL, NULL),
('GUILDE', 'Guilde clandestine', 'I', 'Organisation spécialisée dans le crime organisé et les influences secrètes.', NULL),
('MARCHIN', 'Marchands d\'influence', 'C', NULL, NULL),
('MERC', 'Mercenaires', 'M', NULL, NULL),
('NOCTURNE', 'Troupes nocturnes', 'I', NULL, NULL),
('PRECHEUR', 'Prêcheurs', 'R', NULL, NULL),
('RACAILLE', 'Racaille', 'A', NULL, NULL),
('TAVERNE', 'Taverne', 'C', NULL, NULL);

-- --------------------------------------------------------

--
-- Table structure for table `titres`
--

CREATE TABLE `titres` (
  `Code` varchar(10) COLLATE utf8mb4_general_ci NOT NULL,
  `Nom` varchar(100) COLLATE utf8mb4_general_ci NOT NULL,
  `Type` varchar(10) COLLATE utf8mb4_general_ci NOT NULL,
  `CodeEtat` varchar(10) COLLATE utf8mb4_general_ci NOT NULL,
  `CodePouvoir` varchar(10) COLLATE utf8mb4_general_ci DEFAULT NULL,
  `Avantages` longtext COLLATE utf8mb4_general_ci,
  `IndQuete` int NOT NULL DEFAULT '1',
  `Influence` int NOT NULL DEFAULT '0'
) ENGINE=InnoDB DEFAULT CHARSET=utf8mb4 COLLATE=utf8mb4_general_ci;

--
-- Dumping data for table `titres`
--

INSERT INTO `titres` (`Code`, `Nom`, `Type`, `CodeEtat`, `CodePouvoir`, `Avantages`, `IndQuete`, `Influence`) VALUES
('BARON', 'Baron(ne)', 'NOBLE', 'ACTIF', 'BARON', 'Reçoit les ressources d\'une baronnie à chaque GN.', 0, 0),
('BARONBRUME', 'Baron des Brumes', 'NOBLE', 'ACTIF', NULL, NULL, 0, 1),
('BARONHYDEN', 'Baron d\'Hyden', 'NOBLE', 'ACTIF', NULL, NULL, 0, 1),
('BARONSYPTO', 'Baron de Syptosis', 'NOBLE', 'ACTIF', NULL, NULL, 0, 1),
('COMTE', 'Comte(sse)', 'NOBLE', 'ACTIF', 'COMTE', 'Peut octroyer un point d\'influence par GN.', 0, 1),
('COMTESABLE', 'Comte de sable', 'NOBLE', 'ACTIF', NULL, NULL, 0, 1),
('DUC', 'Duc(hesse)', 'NOBLE', 'ACTIF', 'DUC', 'Peut octroyer une faveur ducale par GN.', 0, 0),
('EMISSAIRE', 'Émissaire', 'NOBLE', 'ACTIF', 'EMISSAIRE', 'Communications immédiates avec une nation étrangère représentée.', 0, 0),
('REGENT', 'Régent(e)', 'NOBLE', 'ACTIF', 'REGENT', 's', 0, 1),
('REPAUREL', 'Représentant aurélois', 'PRESTIG', 'ACTIF', 'REPROYAUME', 'Peut annuler le coût qu\'un personnage doit payer pour son pouvoir de prestige.', 0, 1),
('REPCHAMPAG', 'Représentant champagnolais', 'PRESTIG', 'ACTIF', 'REPROYAUME', 'Peut annuler le coût qu\'un personnage doit payer pour son pouvoir de prestige.', 0, 1),
('REPCONCLAV', 'Représentant néovien', 'PRESTIG', 'ACTIF', 'REPROYAUME', 'Peut annuler le coût qu\'un personnage doit payer pour son pouvoir de prestige.', 0, 1),
('REPPROSPER', 'Représentant prospérois', 'PRESTIG', 'ACTIF', 'REPROYAUME', 'Peut annuler le coût qu\'un personnage doit payer pour son pouvoir de prestige.', 0, 1),
('REPTAURE', 'Représentant ilfirinois', 'PRESTIG', 'ACTIF', 'REPROYAUME', 'Peut annuler le coût qu\'un personnage doit payer pour son pouvoir de prestige.', 0, 1),
('REPTRONE', 'Représentant estien', 'PRESTIG', 'ACTIF', 'REPROYAUME', 'Peut annuler le coût qu\'un personnage doit payer pour son pouvoir de prestige.', 0, 1);

-- --------------------------------------------------------

--
-- Table structure for table `types_competences`
--

CREATE TABLE `types_competences` (
  `Type` varchar(10) COLLATE utf8mb4_general_ci NOT NULL,
  `Libelle` varchar(100) COLLATE utf8mb4_general_ci NOT NULL,
  `NbPartiesQuete` int DEFAULT NULL,
  `Description` varchar(100) COLLATE utf8mb4_general_ci DEFAULT NULL
) ENGINE=InnoDB DEFAULT CHARSET=utf8mb4 COLLATE=utf8mb4_general_ci;

--
-- Dumping data for table `types_competences`
--

INSERT INTO `types_competences` (`Type`, `Libelle`, `NbPartiesQuete`, `Description`) VALUES
('LEGEND', 'Légendaire', 1, NULL),
('MAJEURE', 'Majeure', 3, NULL),
('MINEURE', 'Mineure', 2, NULL),
('RACIALE', 'Raciale', NULL, NULL),
('REG', 'Régulière', NULL, NULL),
('SPECIAL', 'Spéciale', NULL, NULL);

-- --------------------------------------------------------

--
-- Table structure for table `univers`
--

CREATE TABLE `univers` (
  `Code` varchar(10) COLLATE utf8mb4_general_ci NOT NULL,
  `Nom` varchar(100) COLLATE utf8mb4_general_ci NOT NULL
) ENGINE=InnoDB DEFAULT CHARSET=utf8mb4 COLLATE=utf8mb4_general_ci;

--
-- Dumping data for table `univers`
--

INSERT INTO `univers` (`Code`, `Nom`) VALUES
('BELE', 'Bélénos'),
('BELEJR', 'Bélé Junior'),
('TERNOC', 'Terreur nocturne');

--
-- Indexes for dumped tables
--

--
-- Indexes for table `actions_geopolitiques`
--
ALTER TABLE `actions_geopolitiques`
  ADD PRIMARY KEY (`Code`);

--
-- Indexes for table `ajustements_categorie`
--
ALTER TABLE `ajustements_categorie`
  ADD PRIMARY KEY (`CodeClasse`,`Categorie`);

--
-- Indexes for table `archetypes`
--
ALTER TABLE `archetypes`
  ADD PRIMARY KEY (`Code`,`CodeClasse`);

--
-- Indexes for table `campements`
--
ALTER TABLE `campements`
  ADD PRIMARY KEY (`Code`),
  ADD UNIQUE KEY `Nom_UNIQUE` (`Nom`);

--
-- Indexes for table `classes`
--
ALTER TABLE `classes`
  ADD PRIMARY KEY (`Code`,`CodeUnivers`);

--
-- Indexes for table `classes_interdites`
--
ALTER TABLE `classes_interdites`
  ADD PRIMARY KEY (`CodeRace`,`CodeClasse`);

--
-- Indexes for table `codes_acquisition`
--
ALTER TABLE `codes_acquisition`
  ADD PRIMARY KEY (`Code`);

--
-- Indexes for table `codes_etat`
--
ALTER TABLE `codes_etat`
  ADD PRIMARY KEY (`Code`);

--
-- Indexes for table `competences_archetype`
--
ALTER TABLE `competences_archetype`
  ADD PRIMARY KEY (`NoSeq`);

--
-- Indexes for table `competences_depart`
--
ALTER TABLE `competences_depart`
  ADD PRIMARY KEY (`NoSeq`);

--
-- Indexes for table `competences_raciales`
--
ALTER TABLE `competences_raciales`
  ADD PRIMARY KEY (`NoSeq`);

--
-- Indexes for table `competences_regulieres`
--
ALTER TABLE `competences_regulieres`
  ADD PRIMARY KEY (`Code`),
  ADD UNIQUE KEY `Nom_UNIQUE` (`Nom`);

--
-- Indexes for table `competences_speciales`
--
ALTER TABLE `competences_speciales`
  ADD PRIMARY KEY (`Code`);

--
-- Indexes for table `cout_competences_reg`
--
ALTER TABLE `cout_competences_reg`
  ADD PRIMARY KEY (`CodeCompReg`,`CodeRace`);

--
-- Indexes for table `documents`
--
ALTER TABLE `documents`
  ADD PRIMARY KEY (`Code`);

--
-- Indexes for table `etres_mythiques`
--
ALTER TABLE `etres_mythiques`
  ADD PRIMARY KEY (`Code`),
  ADD UNIQUE KEY `Code_UNIQUE` (`Code`);

--
-- Indexes for table `graces_divines`
--
ALTER TABLE `graces_divines`
  ADD PRIMARY KEY (`CodeReligion`);

--
-- Indexes for table `maledictions`
--
ALTER TABLE `maledictions`
  ADD PRIMARY KEY (`CodeCompReg`,`Nom`);

--
-- Indexes for table `marchandises`
--
ALTER TABLE `marchandises`
  ADD PRIMARY KEY (`Code`);

--
-- Indexes for table `metiers`
--
ALTER TABLE `metiers`
  ADD PRIMARY KEY (`Id`);

--
-- Indexes for table `moyens_resurrection`
--
ALTER TABLE `moyens_resurrection`
  ADD PRIMARY KEY (`Id`);

--
-- Indexes for table `objets_jeu`
--
ALTER TABLE `objets_jeu`
  ADD PRIMARY KEY (`Code`);

--
-- Indexes for table `options_quetes`
--
ALTER TABLE `options_quetes`
  ADD PRIMARY KEY (`Code`,`CodeRecompense`);

--
-- Indexes for table `pnj_quetes`
--
ALTER TABLE `pnj_quetes`
  ADD PRIMARY KEY (`idPNJ`),
  ADD UNIQUE KEY `idmaitres_UNIQUE` (`idPNJ`);

--
-- Indexes for table `pouvoirs_specialisables`
--
ALTER TABLE `pouvoirs_specialisables`
  ADD PRIMARY KEY (`CodeCompSpec`,`Specialisation`);

--
-- Indexes for table `profils_organisation`
--
ALTER TABLE `profils_organisation`
  ADD PRIMARY KEY (`Code`);

--
-- Indexes for table `prosperite`
--
ALTER TABLE `prosperite`
  ADD PRIMARY KEY (`Niveau`);

--
-- Indexes for table `questionnaires`
--
ALTER TABLE `questionnaires`
  ADD PRIMARY KEY (`Code`);

--
-- Indexes for table `questions`
--
ALTER TABLE `questions`
  ADD PRIMARY KEY (`CodeQuestionnaire`,`Numero`);

--
-- Indexes for table `races`
--
ALTER TABLE `races`
  ADD PRIMARY KEY (`Code`,`CodeUnivers`);

--
-- Indexes for table `recettes`
--
ALTER TABLE `recettes`
  ADD PRIMARY KEY (`CodeCompReg`,`Nom`);

--
-- Indexes for table `religions`
--
ALTER TABLE `religions`
  ADD PRIMARY KEY (`Code`),
  ADD UNIQUE KEY `Nom_UNIQUE` (`Nom`);

--
-- Indexes for table `religions_interdites`
--
ALTER TABLE `religions_interdites`
  ADD PRIMARY KEY (`NoSeq`),
  ADD UNIQUE KEY `RaceReligion_UNIQUE` (`CodeRace`,`CodeReligion`),
  ADD UNIQUE KEY `RaceType_UNIQUE` (`CodeRace`,`TypeReligion`);

--
-- Indexes for table `sorts`
--
ALTER TABLE `sorts`
  ADD PRIMARY KEY (`CodeCompReg`,`CodeReligion`,`Nom`);

--
-- Indexes for table `specialisations`
--
ALTER TABLE `specialisations`
  ADD PRIMARY KEY (`Code`);

--
-- Indexes for table `titres`
--
ALTER TABLE `titres`
  ADD PRIMARY KEY (`Code`),
  ADD UNIQUE KEY `Nom_UNIQUE` (`Nom`);

--
-- Indexes for table `types_competences`
--
ALTER TABLE `types_competences`
  ADD PRIMARY KEY (`Type`);

--
-- AUTO_INCREMENT for dumped tables
--

--
-- AUTO_INCREMENT for table `competences_archetype`
--
ALTER TABLE `competences_archetype`
  MODIFY `NoSeq` int NOT NULL AUTO_INCREMENT, AUTO_INCREMENT=93;

--
-- AUTO_INCREMENT for table `competences_depart`
--
ALTER TABLE `competences_depart`
  MODIFY `NoSeq` int NOT NULL AUTO_INCREMENT, AUTO_INCREMENT=91;

--
-- AUTO_INCREMENT for table `competences_raciales`
--
ALTER TABLE `competences_raciales`
  MODIFY `NoSeq` int NOT NULL AUTO_INCREMENT, AUTO_INCREMENT=49;

--
-- AUTO_INCREMENT for table `metiers`
--
ALTER TABLE `metiers`
  MODIFY `Id` int NOT NULL AUTO_INCREMENT, AUTO_INCREMENT=11;

--
-- AUTO_INCREMENT for table `moyens_resurrection`
--
ALTER TABLE `moyens_resurrection`
  MODIFY `Id` int NOT NULL AUTO_INCREMENT, AUTO_INCREMENT=12;

--
-- AUTO_INCREMENT for table `pnj_quetes`
--
ALTER TABLE `pnj_quetes`
  MODIFY `idPNJ` int NOT NULL AUTO_INCREMENT, AUTO_INCREMENT=90;

--
-- AUTO_INCREMENT for table `religions_interdites`
--
ALTER TABLE `religions_interdites`
  MODIFY `NoSeq` int NOT NULL AUTO_INCREMENT, AUTO_INCREMENT=50;
COMMIT;

/*!40101 SET CHARACTER_SET_CLIENT=@OLD_CHARACTER_SET_CLIENT */;
/*!40101 SET CHARACTER_SET_RESULTS=@OLD_CHARACTER_SET_RESULTS */;
/*!40101 SET COLLATION_CONNECTION=@OLD_COLLATION_CONNECTION */;
